/*
SQLyog Community v13.1.6 (64 bit)
MySQL - 8.0.23 : Database - sisventasuno
*********************************************************************
*/

/*!40101 SET NAMES utf8 */;

/*!40101 SET SQL_MODE=''*/;

/*!40014 SET @OLD_UNIQUE_CHECKS=@@UNIQUE_CHECKS, UNIQUE_CHECKS=0 */;
/*!40014 SET @OLD_FOREIGN_KEY_CHECKS=@@FOREIGN_KEY_CHECKS, FOREIGN_KEY_CHECKS=0 */;
/*!40101 SET @OLD_SQL_MODE=@@SQL_MODE, SQL_MODE='NO_AUTO_VALUE_ON_ZERO' */;
/*!40111 SET @OLD_SQL_NOTES=@@SQL_NOTES, SQL_NOTES=0 */;
/*Table structure for table `aperturacajas` */

DROP TABLE IF EXISTS `aperturacajas`;

CREATE TABLE `aperturacajas` (
  `id` bigint unsigned NOT NULL AUTO_INCREMENT,
  `user_id` bigint unsigned NOT NULL,
  `cantidad_inicial` decimal(11,2) NOT NULL,
  `cantidad_final` decimal(11,2) NOT NULL,
  `fecha_hora_cierre` datetime DEFAULT NULL,
  `status_apertura` varchar(50) CHARACTER SET utf8mb4  NOT NULL,
  `status` bit(1) DEFAULT NULL,
  `created_at` timestamp NULL DEFAULT NULL,
  `updated_at` timestamp NULL DEFAULT NULL,
  PRIMARY KEY (`id`),
  KEY `user_id` (`user_id`),
  CONSTRAINT `aperturacajas_ibfk_1` FOREIGN KEY (`user_id`) REFERENCES `users` (`id`) ON DELETE CASCADE
) ENGINE=InnoDB AUTO_INCREMENT=35 DEFAULT CHARSET=utf8mb4 ;

/*Data for the table `aperturacajas` */

insert  into `aperturacajas`(`id`,`user_id`,`cantidad_inicial`,`cantidad_final`,`fecha_hora_cierre`,`status_apertura`,`status`,`created_at`,`updated_at`) values 
(1,1,50000.00,0.00,NULL,'','','2023-01-21 22:58:36','2023-01-21 22:58:36'),
(2,1,30000.00,0.00,NULL,'','','2023-01-22 01:51:56','2023-01-22 01:51:56'),
(3,1,34444.00,0.00,NULL,'','','2023-01-22 03:18:39','2023-01-22 03:18:39'),
(4,1,3465.00,0.00,NULL,'','','2023-01-22 03:19:38','2023-01-22 03:19:38'),
(5,1,222.00,0.00,NULL,'','','2023-01-22 03:20:48','2023-01-22 03:20:48'),
(6,1,222.00,0.00,NULL,'','','2023-01-22 03:23:49','2023-01-22 03:23:49'),
(7,1,454.00,0.00,NULL,'','','2023-01-22 03:25:34','2023-01-22 03:25:34'),
(8,1,6561.00,0.00,NULL,'','','2023-01-22 03:28:45','2023-01-22 03:28:45'),
(9,1,5454.00,0.00,NULL,'','','2023-01-22 03:29:23','2023-01-22 03:29:23'),
(10,1,664.00,0.00,NULL,'','','2023-01-22 03:32:00','2023-01-22 03:32:00'),
(11,1,43434.00,0.00,NULL,'','','2023-01-22 03:32:56','2023-01-22 03:32:56'),
(12,1,232.00,0.00,NULL,'','','2023-01-22 03:36:47','2023-01-22 03:36:47'),
(13,1,6562.00,0.00,NULL,'','','2023-01-22 03:37:29','2023-01-22 03:37:29'),
(14,1,6765.00,0.00,NULL,'','','2023-01-22 03:38:16','2023-01-22 03:38:16'),
(15,1,73.00,0.00,NULL,'','','2023-01-22 03:39:34','2023-01-22 03:39:34'),
(16,1,878.00,0.00,NULL,'','','2023-01-22 03:41:50','2023-01-22 03:41:50'),
(17,1,899.00,0.00,NULL,'','','2023-01-22 03:42:45','2023-01-22 03:42:45'),
(18,1,5453.00,0.00,NULL,'','','2023-01-22 03:44:20','2023-01-22 03:44:20'),
(19,1,555.00,0.00,NULL,'','','2023-01-22 03:46:35','2023-01-22 03:46:35'),
(20,1,73.00,0.00,NULL,'','','2023-01-22 03:47:56','2023-01-22 03:47:56'),
(21,1,99.00,0.00,NULL,'','','2023-01-22 03:48:23','2023-01-22 03:48:23'),
(22,1,4545.00,0.00,NULL,'','','2023-01-22 03:49:00','2023-01-22 03:49:00'),
(23,1,54545.00,0.00,NULL,'','','2023-01-22 03:51:03','2023-01-22 03:51:03'),
(24,1,45.00,0.00,NULL,'','','2023-01-22 03:52:10','2023-01-22 03:52:10'),
(25,1,44.00,0.00,NULL,'','','2023-01-22 04:01:09','2023-01-22 04:01:09'),
(26,1,8787.00,0.00,NULL,'','','2023-01-22 04:02:57','2023-01-22 04:02:57'),
(27,1,6565.00,0.00,NULL,'','','2023-01-22 04:04:40','2023-01-22 04:04:40'),
(28,1,54544.00,0.00,NULL,'','','2023-01-22 04:07:33','2023-01-22 04:07:33'),
(29,1,54545.00,0.00,NULL,'','','2023-01-22 04:09:28','2023-01-22 04:09:28'),
(30,1,54545.00,0.00,NULL,'','','2023-01-22 04:10:02','2023-01-22 04:10:02'),
(31,1,20000.00,0.00,NULL,'Abierta','','2023-01-23 00:50:49','2023-01-23 00:50:49'),
(32,1,9443940.00,0.00,NULL,'Abierta','','2023-01-23 01:08:59','2023-01-23 01:08:59'),
(33,1,120000.00,0.00,NULL,'Abierta','','2023-01-23 01:12:07','2023-01-23 01:12:07'),
(34,1,234.00,0.00,NULL,'Abierta','','2023-01-23 01:30:14','2023-01-23 01:30:14');

/*Table structure for table `carrito` */

DROP TABLE IF EXISTS `carrito`;

CREATE TABLE `carrito` (
  `id` int NOT NULL AUTO_INCREMENT,
  `id_user` int NOT NULL,
  `cod` varchar(30) CHARACTER SET utf8mb4  NOT NULL,
  `nombre` varchar(255) CHARACTER SET utf8mb4  NOT NULL,
  `cantidad` int NOT NULL,
  `descipcion` varchar(250) CHARACTER SET utf8mb4  DEFAULT NULL,
  `precio` int NOT NULL,
  `descuento` int NOT NULL,
  `total` int NOT NULL,
  `created_at` timestamp NULL DEFAULT NULL,
  `updated_at` timestamp NULL DEFAULT NULL,
  PRIMARY KEY (`id`)
) ENGINE=InnoDB AUTO_INCREMENT=546 DEFAULT CHARSET=utf8mb4 ;

/*Data for the table `carrito` */

/*Table structure for table `carrito_venta_temp` */

DROP TABLE IF EXISTS `carrito_venta_temp`;

CREATE TABLE `carrito_venta_temp` (
  `id` int NOT NULL AUTO_INCREMENT,
  `id_user` int NOT NULL,
  `producto_id` int NOT NULL,
  `codigo` varchar(255) CHARACTER SET utf8mb4  NOT NULL,
  `nombre` varchar(765) CHARACTER SET utf8mb4  DEFAULT NULL,
  `cantidad` int DEFAULT NULL,
  `descipcion` varchar(750) CHARACTER SET utf8mb4  DEFAULT NULL,
  `precio` int DEFAULT NULL,
  `descuento` int DEFAULT NULL,
  `total` int DEFAULT NULL,
  `created_at` timestamp NULL DEFAULT NULL,
  `updated_at` timestamp NULL DEFAULT NULL,
  PRIMARY KEY (`id`)
) ENGINE=InnoDB AUTO_INCREMENT=109 DEFAULT CHARSET=utf8mb4 ;

/*Data for the table `carrito_venta_temp` */

/*Table structure for table `categorias` */

DROP TABLE IF EXISTS `categorias`;

CREATE TABLE `categorias` (
  `id` int NOT NULL AUTO_INCREMENT,
  `nombre` varchar(100) CHARACTER SET utf8mb4  NOT NULL,
  `descripcion` text CHARACTER SET utf8mb4 ,
  `estado` tinyint(1) NOT NULL,
  `created_at` timestamp NULL DEFAULT NULL,
  `updated_at` timestamp NULL DEFAULT NULL,
  PRIMARY KEY (`id`)
) ENGINE=InnoDB AUTO_INCREMENT=10 DEFAULT CHARSET=utf8mb4 ;

/*Data for the table `categorias` */

insert  into `categorias`(`id`,`nombre`,`descripcion`,`estado`,`created_at`,`updated_at`) values 
(1,'ALETAS update',NULL,1,'2022-10-24 18:23:11','2022-12-18 21:42:26'),
(3,'ALETAS',NULL,1,'2022-10-27 04:37:48','2022-10-27 04:37:48'),
(5,'LATERAL','VERDE',1,'2022-10-27 10:47:26','2022-11-02 03:33:50'),
(6,'PUERTAS','VERDES Y PRIVACE',1,'2022-11-03 02:27:27','2022-11-03 02:27:27'),
(7,'LUNETAS','VERDE',1,'2022-11-09 06:58:02','2022-11-09 06:58:02'),
(8,'test roger','test descripcion',1,'2022-12-18 15:50:24','2022-12-18 15:50:24'),
(9,'test categoria',NULL,0,'2022-12-18 21:42:51','2022-12-18 21:43:08');

/*Table structure for table `clientes` */

DROP TABLE IF EXISTS `clientes`;

CREATE TABLE `clientes` (
  `id` bigint unsigned NOT NULL AUTO_INCREMENT,
  `nombres` varchar(250) CHARACTER SET utf8mb4  NOT NULL,
  `rut` varchar(9) CHARACTER SET utf8mb4  DEFAULT NULL,
  `telefono` int DEFAULT NULL,
  `direccion` varchar(500) CHARACTER SET utf8mb4  DEFAULT NULL,
  `email` varchar(250) CHARACTER SET utf8mb4  DEFAULT NULL,
  `estado` tinyint(1) NOT NULL,
  `created_at` timestamp NULL DEFAULT NULL,
  `updated_at` timestamp NULL DEFAULT NULL,
  PRIMARY KEY (`id`)
) ENGINE=InnoDB AUTO_INCREMENT=65 DEFAULT CHARSET=utf8mb4 ;

/*Data for the table `clientes` */

insert  into `clientes`(`id`,`nombres`,`rut`,`telefono`,`direccion`,`email`,`estado`,`created_at`,`updated_at`) values 
(6,'CLIENTE GENERICO','999999999',99999999,'VENTA RAPIDA','correo@gmail.com',1,'2022-10-18 03:59:33','2022-10-18 03:59:33'),
(8,'COMERCIAL AEROTRANS  S.A update','783976004',753803233,'LONGITUDINAL SUR KM 186 CURICO test','SICORREOE@GMAIL.COM',0,'2022-10-21 04:06:45','2022-12-17 12:53:50'),
(9,'CONSTRUCTORA GONZALO ORELLANA E HIJO LTDA','778529807',752332501,'AVDA BALMACEDA 2163   CURICO','GONORELLANA@GMAIL.COM',1,'2022-10-21 04:10:44','2022-10-21 04:18:54'),
(10,'RSA SEGUROS CHILE S.A','990170002',223822300,'AV. PROVIDENCIA 1760     SANTIAGO','SINCORREO@GMAIL.COM',1,'2022-10-21 04:16:02','2022-10-21 04:16:02'),
(11,'TRANSPORTES SAN JOSE  LTDA  ( GRECO )','761064363',75790012,'LONG SUR KM 194   CURICO','SINCORREO@GMAIL.COM',1,'2022-10-21 04:18:21','2022-10-21 04:18:21'),
(12,'TRANSPORTES NEGRETE S.A','764166701',948439329,'CHACRA SANTA NELLY S/N ROMERAL CURICO','DTETN@TRANSNEGRETE.CL FABIOLA',1,'2022-10-21 04:28:25','2022-10-21 04:40:55'),
(13,'COMEC PATRICIO NEGRETE LTDA','764164806',233033071,'CHACRA SANTA NELLY S/N ROMERAL  CURICO','SINCORREO@GMAIL.COM',1,'2022-10-21 04:36:39','2022-10-21 04:36:39'),
(14,'FRUTICOLA JOSE SOLER SA','886283008',752742300,'LONG KM 187 ROMERAL CURICO','ADQUISICIONES@SOLFRUT.CL',1,'2022-10-21 04:40:23','2022-10-21 04:40:23'),
(15,'AGROINDUSTRIAL LA PAZ LTDA','892370001',75742322,'LONG SUR KM 187 ROMERAL CURICO','SINCORREO@GMAIL.COM',1,'2022-10-21 04:45:05','2022-10-21 04:45:05'),
(16,'PATRICIO SOTO BRIONES','161905992',75222222,'MONTT 357 OF 202  CURICO','SINCORREO@GMAIL.COM',1,'2022-10-21 04:49:51','2022-10-21 04:49:51'),
(17,'LUIS GABRIEL LOZANO','49291329',752319529,'PARCELA 12 QUINTA  TENO','SINCORREO@GMAIL.COM',1,'2022-10-21 04:54:36','2022-10-21 04:55:58'),
(18,'MANIPULACION MATERIALES S.A','829403005',233031007,'LONG SUR KM 176  TENO','SINCORREO@GMAIL.COM',1,'2022-10-21 05:02:14','2022-10-21 05:02:14'),
(19,'AUTOMOTORA ALAMEDA LTDA','766917407',752320251,'RENE LEON ECHAIZ  179','SINCORREO@GMAIL.COM',1,'2022-10-21 05:07:07','2022-10-21 05:07:07'),
(20,'SOC DE TRANSPORTES Y SERVICIOS R Y P LTDA','760466689',2222222,'PARABRISAS BUSES','SINCORREO@GMAIL.COM',1,'2022-10-21 05:45:10','2022-10-21 05:45:10'),
(21,'TRANSPORTES CENTRO SUR  NORTE SA','770826802',2222222,'CONTADORA','SINCORREO@GMAIL.COM',1,'2022-10-21 05:46:34','2022-10-21 05:46:34'),
(22,'TRANSPORTES MAQUEHUA LTDA','799929007',944877126,'LONG SUR KM 195 CURICO','SINCORREO@GMAIL.COM',1,'2022-10-21 05:54:13','2022-10-21 05:54:13'),
(23,'MARFITRANS Y CIA LTDA','79648120K',2222222,'AV ESPANA 1700  CURICO','SINCORREO@GMAIL.COM',1,'2022-10-21 09:25:36','2022-10-21 09:25:36'),
(24,'AUTOMOTRIZ HUMBERTO FUENTES','81589860',75543430,'RENE LEON 050  CURICO','SINCORREO@GMAIL.COM',1,'2022-10-21 09:26:58','2022-10-21 09:26:58'),
(25,'CESAR ROJAS PINA','46849515',222222,'LONG SUR KM 192  CURICO','SINCORREO@GMAIL.COM',1,'2022-10-21 09:30:07','2022-10-21 09:30:07'),
(26,'CESAR ROJAS E HIJO LTDA','776826901',2222222,'LONG SUR KM 192  CURICO','SINCORREO@GMAIL.COM',1,'2022-10-21 09:31:01','2022-10-21 09:31:01'),
(27,'BARROS Y BRUZONE LTDA','780812303',222222,'C LO PINTO 2.5   COLINA','SINCORREO@GMAIL.COM',1,'2022-10-21 09:32:32','2022-10-21 09:32:32'),
(28,'JOEL CORREA VERA','33990073',2222222,'PARC 2 LOTE 19 A RAUQUEN CURICO','SINCORREO@GMAIL.COM',1,'2022-10-21 09:34:08','2022-10-21 09:34:08'),
(29,'SERGIO PEREZ JARA','56896147',752315575,'PENA 935  CURICO','SERGIOPEREZJARA@GMAIL.COM',1,'2022-10-21 09:35:05','2022-10-21 09:35:05'),
(30,'TRANSPORTES PEREZ LTDA','784580903',752380504,'LONG SUR KM194 CURICO','SINCORREO@GMAIL.COM',1,'2022-10-21 09:35:58','2022-10-21 09:35:58'),
(31,'MUJICA Y DOCMAC LTDA','785083105',2222222,'RENE LEON 080 CURICO','SINCORREO@GMAIL.COM',1,'2022-10-21 09:37:01','2022-10-21 09:37:01'),
(32,'MAQUINARIAS DON NICOLAS LTDA','760169005',2222222,'BALMACEDA 2125 A CURICO','SINCORREO@GMAIL.COM',1,'2022-10-21 09:40:23','2022-10-21 09:40:23'),
(33,'FRUTICOLA AGRICHILE SA','366180102',2222222,'LA FLORIDA DEL, BAJO 1 LOS NICHES CURICO','SINCORREO@GMAIL.COM',1,'2022-10-21 09:41:30','2022-10-21 09:41:30'),
(34,'SAN SEBASTIAN LTDA','775529504',2222222,'INFANTE 555 CONSTITUCION','SINCORREO@GMAIL.COM',1,'2022-10-21 09:42:21','2022-10-21 09:42:21'),
(35,'INDUSTRIAS VINICAS SA','875506005',22222222,'LONG SUR KM 194.5 CURICO','SINCORREO@GMAIL.COM',1,'2022-10-21 09:43:10','2022-10-21 09:43:10'),
(36,'EDUCRATE LTDA','761645048',222222,'2 ESQUINAS S/N MOLINA','SINCORREO@GMAIL.COM',1,'2022-10-21 09:44:28','2022-10-21 09:44:28'),
(37,'TALLER AUTOMOTRIZ PABLO ALBORNOZ','763062597',2222222,'AV QUILVO LAS PARCELAS ROMERAL','SINCORREO@GMAIL.COM',1,'2022-10-21 09:45:29','2022-10-21 09:45:29'),
(38,'JOSE IGNACIO ENEROS TRANS EIRL','760835587',22222222,'LA CLAUSTRA 2204  MOLINA','SINCORREO@GMAIL.COM',1,'2022-10-21 09:46:59','2022-10-21 09:46:59'),
(39,'TRANSPORTE GONZALEZ JOSSIER LTDA','774082808',22222222,'CAMINO A ZAPALLAR KM 3.2','SINCORREO@GMAIL.COM',1,'2022-10-21 09:51:14','2022-10-21 09:51:14'),
(40,'SOC SERVICIOS EL SOCAVON LTDA','779610608',2222222,'EL SOCAVON S/N ROMERAL','SINCORREO@GMAIL.COM',1,'2022-10-21 09:52:14','2022-10-21 09:52:14'),
(41,'ICAFAL ING Y CONST S.A','884818001',2222222,'A LEGUA SUR 16051 LAS CONDES','SINCORREO@GMAIL.COM',1,'2022-10-21 09:56:30','2022-10-21 09:56:30'),
(42,'TRANSPORTES PABLO QUERA  LTDA','772947704',22222222,'LONG SUR KM 179.5 CURICO','SINCORREO@GMAIL.COM',1,'2022-10-21 09:58:17','2022-10-21 09:58:17'),
(43,'SEGUROS GENERALES SUDAMERICANA S.A','990170002',2222222,'AV PROVIDENCIA 1760  3 Y  4  SANTIAGO','SINCORREO@GMAIL.COM',1,'2022-10-21 09:59:30','2022-10-21 09:59:30'),
(44,'AUTOMOTRIZ SILVA SPA MAGIC CAR','766584586',222222,'AV O¨HIGGINS 1117  CURICO','SINCORREO@GMAIL.COM',1,'2022-10-21 10:00:41','2022-10-21 10:00:41'),
(45,'TRANSPORTES MUNOZ (AGRI SAN ANDRES LTDA)','772703600',222222,'LONG SUR KM 183   CURICO','SINCORREO@GMAIL.COM',1,'2022-10-21 10:01:50','2022-10-21 10:01:50'),
(46,'AUTOMOTORA EUGENIO ALVAREZ PALMA EIRL','795979323',2222222,'MANSO DE VELASCO 368 CURICO','SINCORREO@GMAIL.COM',1,'2022-10-21 10:02:54','2022-10-21 10:02:54'),
(47,'AGRICOLA Y TRANSPORTES SAN ANDRES LTDA  (TRANS MUNOZ)','772703600',2222222,'LONG SUR KM 183 LOS CARROS S/N','SINCORREO@GMAIL.COM',1,'2022-10-21 10:04:08','2022-10-21 10:04:08'),
(48,'TRANSPORTES HORMAZABAL HNOS LTDA','798192507',2222222,'LUZ PEREIRA 1305 LONTUE   MOLINA','SINCORREO@GMAIL.COM',1,'2022-10-21 10:05:08','2022-10-21 10:05:08'),
(49,'DIMENSION S.S','995383500',2222222,'LOTE B2 FDO SANTA MARTA CAM LA MONTANA   TENO','SINCORREO@GMAIL.COM',1,'2022-10-21 10:07:53','2022-10-21 10:07:53'),
(50,'SERVICIO TECNICO AUTOMOTRIZ DELTALTDA','762833123',979692890,'BALMACEDA 1262','SINCORREO@GMAIL.COM',1,'2022-10-21 10:09:16','2022-10-21 10:09:16'),
(51,'TALLER AUTOMOTRIZ JULIO FERRADA','767906242',935191357,'ROSARIO 1316  CURICO','SINCORREO@GMAIL.COM',1,'2022-10-21 10:12:13','2022-10-21 10:12:13'),
(52,'SOC TRANSP Y ARIDOS CURICO LTDA','760626945',111111,'FUNDO SANTA FILOMENA LOTE C RUTA J 60 KM 6','SINCORREO@GMAIL.COM',1,'2022-10-21 10:13:40','2022-10-21 10:13:40'),
(53,'SOC VINICAS MIGUEL TORRES','85980800K',22222222,'LONG SUR KM 195  CURICO','SINCORREO@GMAIL.COM',1,'2022-10-21 10:14:36','2022-10-21 10:14:36'),
(54,'TRANSPORTES SANTA MARIA SPA','797053902',222222,'CURICO','SINCORREO@GMAIL.COM',1,'2022-10-21 10:15:42','2022-10-21 10:15:42'),
(55,'SOC CONSTRUCTORA AMACO','776886203',222222,'PRATT    CURICO','SINCORREO@GMAIL.COM',1,'2022-10-21 10:16:27','2022-10-21 10:16:27'),
(56,'SOC CONSTRUCTORA LAS ARAUCARIAS LTDA','786440807',2222222,'CURICO','SINCORREO@GMAIL.COM',1,'2022-10-21 10:17:28','2022-10-21 10:17:28'),
(57,'MAQUINARIAS PASO ANCHO LTDA','763820467',2222222,'CURICO','SINCORREO@GMAIL.COM',1,'2022-10-21 10:18:25','2022-10-21 10:18:25'),
(58,'SOC TRANSP Y ARIDOS CURICO LTDA  ( ROBERTO PEREZ)','760626945',944899585,'BALMACEDA   CURICO','ARIDOSYMAQUINARIASRP@HOTMAIL.COM',1,'2022-10-21 10:19:27','2022-10-21 10:23:07'),
(59,'AGROFRESH   CHILE Y COM LTDA','764117115',22222222,'LOS MILITARES 5001  SANTIAGO','SINCORREO@GMAIL.COM',1,'2022-10-21 10:20:41','2022-10-21 10:20:41'),
(60,'RENATO',NULL,987605500,NULL,'RENATO2989@GMAIL.COM',1,'2022-10-27 03:59:04','2022-10-27 03:59:04'),
(61,'test','43434',54545454,'test','parabrisas@gmail.com',0,'2022-12-13 01:59:09','2022-12-13 01:59:09'),
(62,'test','54545',87878787,'est','parabrisas@gmail.com',0,'2022-12-13 02:00:12','2022-12-13 02:00:12'),
(63,'test roger','5454545',2222222,'LONGITUDINAL SUR KM 186 CURICO mx','SICORRnxE@GMAIL.COM',1,'2022-12-17 12:57:15','2022-12-17 12:57:15'),
(64,'Yohan Hancco','239608094',982119696,'Santa Sofía 960','yohanxp@msn.com',1,'2022-12-29 15:50:39','2022-12-29 15:50:39');

/*Table structure for table `corte_cajero_dia` */

DROP TABLE IF EXISTS `corte_cajero_dia`;

CREATE TABLE `corte_cajero_dia` (
  `id` bigint unsigned NOT NULL AUTO_INCREMENT,
  `apertura_id` bigint unsigned NOT NULL,
  `total_acomulado` decimal(11,2) DEFAULT NULL,
  `seriefolio` varchar(100) DEFAULT NULL,
  `efectivo` decimal(11,2) DEFAULT NULL,
  `transferencia` decimal(11,2) DEFAULT NULL,
  `tdebito` decimal(11,2) DEFAULT NULL,
  `tcredito` decimal(11,2) DEFAULT NULL,
  `numfolio` varchar(100) DEFAULT NULL,
  `status` bit(1) DEFAULT NULL,
  `created_at` timestamp NULL DEFAULT NULL,
  `updated_at` timestamp NULL DEFAULT NULL,
  PRIMARY KEY (`id`),
  KEY `apertura_id` (`apertura_id`),
  CONSTRAINT `corte_cajero_dia_ibfk_1` FOREIGN KEY (`apertura_id`) REFERENCES `aperturacajas` (`id`) ON DELETE CASCADE
) ENGINE=InnoDB AUTO_INCREMENT=35 DEFAULT CHARSET=utf8mb4 ;

/*Data for the table `corte_cajero_dia` */

insert  into `corte_cajero_dia`(`id`,`apertura_id`,`total_acomulado`,`seriefolio`,`efectivo`,`transferencia`,`tdebito`,`tcredito`,`numfolio`,`status`,`created_at`,`updated_at`) values 
(1,1,NULL,NULL,NULL,NULL,NULL,NULL,NULL,'','2023-01-21 22:58:36','2023-01-21 22:58:36'),
(2,2,NULL,NULL,NULL,NULL,NULL,NULL,NULL,'','2023-01-22 01:51:56','2023-01-22 01:51:56'),
(3,3,NULL,NULL,NULL,NULL,NULL,NULL,NULL,'','2023-01-22 03:18:39','2023-01-22 03:18:39'),
(4,4,NULL,NULL,NULL,NULL,NULL,NULL,NULL,'','2023-01-22 03:19:38','2023-01-22 03:19:38'),
(5,5,NULL,NULL,NULL,NULL,NULL,NULL,NULL,'','2023-01-22 03:20:48','2023-01-22 03:20:48'),
(6,6,NULL,NULL,NULL,NULL,NULL,NULL,NULL,'','2023-01-22 03:23:49','2023-01-22 03:23:49'),
(7,7,NULL,NULL,NULL,NULL,NULL,NULL,NULL,'','2023-01-22 03:25:34','2023-01-22 03:25:34'),
(8,8,NULL,NULL,NULL,NULL,NULL,NULL,NULL,'','2023-01-22 03:28:45','2023-01-22 03:28:45'),
(9,9,NULL,NULL,NULL,NULL,NULL,NULL,NULL,'','2023-01-22 03:29:23','2023-01-22 03:29:23'),
(10,10,NULL,NULL,NULL,NULL,NULL,NULL,NULL,'','2023-01-22 03:32:00','2023-01-22 03:32:00'),
(11,11,NULL,NULL,NULL,NULL,NULL,NULL,NULL,'','2023-01-22 03:32:56','2023-01-22 03:32:56'),
(12,12,NULL,NULL,NULL,NULL,NULL,NULL,NULL,'','2023-01-22 03:36:47','2023-01-22 03:36:47'),
(13,13,NULL,NULL,NULL,NULL,NULL,NULL,NULL,'','2023-01-22 03:37:29','2023-01-22 03:37:29'),
(14,14,NULL,NULL,NULL,NULL,NULL,NULL,NULL,'','2023-01-22 03:38:16','2023-01-22 03:38:16'),
(15,15,NULL,NULL,NULL,NULL,NULL,NULL,NULL,'','2023-01-22 03:39:34','2023-01-22 03:39:34'),
(16,16,NULL,NULL,NULL,NULL,NULL,NULL,NULL,'','2023-01-22 03:41:50','2023-01-22 03:41:50'),
(17,17,NULL,NULL,NULL,NULL,NULL,NULL,NULL,'','2023-01-22 03:42:45','2023-01-22 03:42:45'),
(18,18,NULL,NULL,NULL,NULL,NULL,NULL,NULL,'','2023-01-22 03:44:20','2023-01-22 03:44:20'),
(19,19,NULL,NULL,NULL,NULL,NULL,NULL,NULL,'','2023-01-22 03:46:35','2023-01-22 03:46:35'),
(20,20,NULL,NULL,NULL,NULL,NULL,NULL,NULL,'','2023-01-22 03:47:56','2023-01-22 03:47:56'),
(21,21,NULL,NULL,NULL,NULL,NULL,NULL,NULL,'','2023-01-22 03:48:23','2023-01-22 03:48:23'),
(22,22,NULL,NULL,NULL,NULL,NULL,NULL,NULL,'','2023-01-22 03:49:00','2023-01-22 03:49:00'),
(23,23,NULL,NULL,NULL,NULL,NULL,NULL,NULL,'','2023-01-22 03:51:03','2023-01-22 03:51:03'),
(24,24,NULL,NULL,NULL,NULL,NULL,NULL,NULL,'','2023-01-22 03:52:10','2023-01-22 03:52:10'),
(25,25,NULL,NULL,NULL,NULL,NULL,NULL,NULL,'','2023-01-22 04:01:09','2023-01-22 04:01:09'),
(26,26,NULL,NULL,NULL,NULL,NULL,NULL,NULL,'','2023-01-22 04:02:57','2023-01-22 04:02:57'),
(27,27,NULL,NULL,NULL,NULL,NULL,NULL,NULL,'','2023-01-22 04:04:40','2023-01-22 04:04:40'),
(28,28,NULL,NULL,NULL,NULL,NULL,NULL,NULL,'','2023-01-22 04:07:33','2023-01-22 04:07:33'),
(29,29,NULL,NULL,NULL,NULL,NULL,NULL,NULL,'','2023-01-22 04:09:28','2023-01-22 04:09:28'),
(30,30,NULL,NULL,NULL,NULL,NULL,NULL,NULL,'','2023-01-22 04:10:02','2023-01-22 04:10:02'),
(31,31,NULL,NULL,0.00,0.00,0.00,0.00,NULL,'','2023-01-23 00:50:49','2023-01-23 00:50:49'),
(32,32,NULL,NULL,0.00,0.00,0.00,0.00,NULL,'','2023-01-23 01:08:59','2023-01-23 01:08:59'),
(33,33,NULL,NULL,0.00,0.00,0.00,0.00,NULL,'','2023-01-23 01:12:07','2023-01-23 01:12:07'),
(34,34,NULL,NULL,0.00,0.00,0.00,0.00,NULL,'','2023-01-23 01:30:14','2023-01-23 01:30:14');

/*Table structure for table `cotizaciones` */

DROP TABLE IF EXISTS `cotizaciones`;

CREATE TABLE `cotizaciones` (
  `id` int NOT NULL AUTO_INCREMENT,
  `id_user` int NOT NULL,
  `id_cliente` int NOT NULL,
  `cod` varchar(10) CHARACTER SET utf8mb4  NOT NULL,
  `serie` int NOT NULL,
  `factura` varchar(20) CHARACTER SET utf8mb4  DEFAULT NULL,
  `tipo_pago` varchar(100) CHARACTER SET utf8mb4  DEFAULT NULL,
  `validez` varchar(20) CHARACTER SET utf8mb4  DEFAULT NULL,
  `total` int NOT NULL,
  `abono` decimal(11,2) DEFAULT NULL,
  `servicio` text CHARACTER SET utf8mb4 ,
  `numero_cotizacion_manual` varchar(255) CHARACTER SET utf8mb4 COLLATE utf8mb4_unicode_ci DEFAULT NULL,
  `estado` tinyint(1) NOT NULL,
  `tipo_registro` tinyint(1) NOT NULL,
  `created_at` timestamp NULL DEFAULT NULL,
  `updated_at` timestamp NULL DEFAULT NULL,
  PRIMARY KEY (`id`)
) ENGINE=InnoDB AUTO_INCREMENT=41 DEFAULT CHARSET=utf8mb4 ;

/*Data for the table `cotizaciones` */

insert  into `cotizaciones`(`id`,`id_user`,`id_cliente`,`cod`,`serie`,`factura`,`tipo_pago`,`validez`,`total`,`abono`,`servicio`,`numero_cotizacion_manual`,`estado`,`tipo_registro`,`created_at`,`updated_at`) values 
(1,1,59,'COT',1,NULL,'EFECTIVO','5',0,NULL,'AUTO TOYOTA',NULL,1,0,'2022-10-24 18:26:19','2022-10-24 18:26:19'),
(2,1,8,'COT',2,NULL,'TRANSFERENCIA','10',40000,NULL,'AUTOMOVIL DWFEJW',NULL,1,0,'2022-10-25 05:03:53','2022-10-25 05:03:53'),
(3,1,10,'COT',3,NULL,'EFECTIVO','20',50000,NULL,'QRQEWQWRQWR',NULL,1,0,'2022-10-25 05:18:35','2022-10-25 05:18:35'),
(4,1,60,'COT',4,NULL,'TRANSFERENCIA','15',0,NULL,'AUTOMOVIL',NULL,1,0,'2022-10-27 03:59:54','2022-10-27 03:59:54'),
(5,1,6,'COT',5,NULL,'TRANSFERENCIA','5',55000,NULL,'CAMIONETA KIA',NULL,1,0,'2022-11-03 15:01:32','2022-11-03 15:01:32'),
(6,1,8,'COT',6,NULL,'T. DÉBITO','10',65000,NULL,'auto kia',NULL,1,0,'2022-11-03 15:02:03','2022-11-03 15:02:03'),
(7,1,6,'COT',7,NULL,'EFECTIVO','5',50000,NULL,NULL,NULL,1,0,'2022-11-03 15:12:31','2022-11-03 15:12:31'),
(8,1,6,'COT',8,NULL,'EFECTIVO','10',65000,NULL,'servicio',NULL,1,0,'2022-11-24 04:51:48','2022-11-24 04:51:48'),
(9,1,6,'COT',9,NULL,'EFECTIVO','5',185000,NULL,'CAMIONETA KIA',NULL,1,0,'2022-11-24 14:27:47','2022-11-24 14:27:47'),
(10,1,9,'COT',10,NULL,NULL,'10',1360000,5000.00,'pago test',NULL,1,0,'2022-12-20 23:34:04','2022-12-20 23:34:04'),
(11,1,15,'COT',11,NULL,NULL,'10',1360000,15000.00,'pago test2',NULL,1,0,'2022-12-20 23:47:04','2022-12-20 23:47:04'),
(12,1,15,'COT',11,NULL,NULL,'10',1360000,15000.00,'pago test2',NULL,1,0,'2022-12-20 23:47:07','2022-12-20 23:47:07'),
(13,1,15,'COT',11,NULL,NULL,'10',1360000,15000.00,'pago test2',NULL,1,0,'2022-12-20 23:47:10','2022-12-20 23:47:10'),
(14,1,15,'COT',11,NULL,NULL,'10',1360000,15000.00,'pago test2',NULL,1,0,'2022-12-20 23:47:10','2022-12-20 23:47:10'),
(15,1,15,'COT',11,NULL,NULL,'10',1360000,15000.00,'pago test2',NULL,1,0,'2022-12-20 23:47:10','2022-12-20 23:47:10'),
(16,1,15,'COT',11,NULL,NULL,'10',1360000,15000.00,'pago test2',NULL,1,0,'2022-12-20 23:47:11','2022-12-20 23:47:11'),
(17,1,15,'COT',11,NULL,NULL,'10',1360000,15000.00,'pago test2',NULL,1,0,'2022-12-20 23:47:11','2022-12-20 23:47:11'),
(18,1,15,'COT',11,NULL,NULL,'10',1360000,15000.00,'pago test2',NULL,1,0,'2022-12-20 23:47:14','2022-12-20 23:47:14'),
(19,1,15,'COT',11,NULL,NULL,'10',1360000,15000.00,'pago test2',NULL,1,0,'2022-12-20 23:47:15','2022-12-20 23:47:15'),
(20,1,15,'COT',11,NULL,NULL,'10',1360000,15000.00,'pago test2',NULL,1,0,'2022-12-20 23:47:16','2022-12-20 23:47:16'),
(21,1,15,'COT',11,NULL,NULL,'10',1360000,15000.00,'pago test2',NULL,1,0,'2022-12-20 23:47:16','2022-12-20 23:47:16'),
(22,1,15,'COT',11,NULL,NULL,'10',1360000,15000.00,'pago test2',NULL,1,0,'2022-12-20 23:47:16','2022-12-20 23:47:16'),
(23,1,15,'COT',11,NULL,NULL,'10',1360000,15000.00,'pago test2',NULL,1,0,'2022-12-20 23:47:16','2022-12-20 23:47:16'),
(24,1,15,'COT',11,NULL,NULL,'10',1360000,15000.00,'pago test2',NULL,1,0,'2022-12-20 23:47:17','2022-12-20 23:47:17'),
(25,1,15,'COT',11,NULL,NULL,'10',1360000,15000.00,'pago test2',NULL,1,0,'2022-12-20 23:47:17','2022-12-20 23:47:17'),
(26,1,15,'COT',11,NULL,NULL,'10',1360000,15000.00,'pago test2',NULL,1,0,'2022-12-20 23:47:17','2022-12-20 23:47:17'),
(27,1,11,'COT',12,NULL,NULL,'5',205000,25000.00,'pago test22',NULL,1,0,'2022-12-21 00:00:53','2022-12-21 00:00:53'),
(28,1,15,'COT',13,NULL,NULL,'20',130000,15000.00,'pago test2121',NULL,1,0,'2022-12-21 00:17:37','2022-12-21 00:17:37'),
(29,1,19,'COT',14,NULL,NULL,'10',280000,15000.00,'pago test33',NULL,1,0,'2022-12-21 00:22:19','2022-12-21 00:22:19'),
(30,1,9,'COT',15,NULL,NULL,'10',270000,15000.00,'pago test2',NULL,1,0,'2022-12-21 00:24:20','2022-12-21 00:24:20'),
(31,1,21,'COT',16,NULL,NULL,'20',140000,NULL,NULL,NULL,1,0,'2022-12-21 14:37:47','2022-12-21 14:37:47'),
(32,1,12,'COT',16,NULL,NULL,'10',140000,10000.00,'pago test',NULL,1,0,'2022-12-21 14:38:40','2022-12-21 14:38:40'),
(33,1,19,'COT',17,NULL,NULL,'10',270000,15000.00,'pago test',NULL,1,0,'2022-12-21 15:10:37','2022-12-21 15:10:37'),
(34,1,6,'COT',18,NULL,NULL,'5',65000,50000.00,'AUTO YARIS',NULL,1,0,'2022-12-29 15:43:15','2022-12-29 15:43:15'),
(35,1,6,'COT',19,NULL,NULL,'20',65000,10000.00,'AUTO TOYOTA',NULL,1,0,'2022-12-29 15:44:46','2022-12-29 15:44:46'),
(36,1,6,'COT',20,NULL,NULL,'5',130000,30000.00,'camioneta color rojo patente 5210h',NULL,1,0,'2022-12-29 21:57:47','2022-12-29 21:57:47'),
(37,1,6,'COT',21,NULL,NULL,'5',65000,10000.00,'Hola',NULL,1,0,'2023-01-04 14:42:07','2023-01-04 14:42:07'),
(38,1,18,'COT',22,NULL,NULL,'5',205000,5000.00,'reparacion de test',NULL,1,0,'2023-01-10 20:20:35','2023-01-10 20:20:35'),
(39,1,9,'COT',23,NULL,NULL,'10',205000,1000.00,'pago test','123456789',1,0,'2023-01-11 22:41:25','2023-01-11 22:41:25'),
(40,1,9,'COT',24,NULL,NULL,'10',130000,10000.00,'El ervicio test',NULL,1,0,'2023-01-14 23:23:30','2023-01-14 23:23:30');

/*Table structure for table `detalle_ventas` */

DROP TABLE IF EXISTS `detalle_ventas`;

CREATE TABLE `detalle_ventas` (
  `id` bigint unsigned NOT NULL AUTO_INCREMENT,
  `venta_id` bigint unsigned NOT NULL,
  `producto_id` bigint unsigned NOT NULL,
  `precio_venta` decimal(11,2) NOT NULL,
  `cantidad` decimal(11,3) NOT NULL,
  `descuento` decimal(11,2) NOT NULL,
  `subtotal` decimal(11,2) NOT NULL,
  `created_at` timestamp NULL DEFAULT NULL,
  `updated_at` timestamp NULL DEFAULT NULL,
  PRIMARY KEY (`id`),
  KEY `producto_id` (`producto_id`),
  KEY `venta_id` (`venta_id`),
  CONSTRAINT `detalle_ventas_ibfk_1` FOREIGN KEY (`producto_id`) REFERENCES `productos` (`id`),
  CONSTRAINT `detalle_ventas_ibfk_2` FOREIGN KEY (`venta_id`) REFERENCES `ventas` (`id`)
) ENGINE=InnoDB AUTO_INCREMENT=169 DEFAULT CHARSET=utf8mb4 ;

/*Data for the table `detalle_ventas` */

insert  into `detalle_ventas`(`id`,`venta_id`,`producto_id`,`precio_venta`,`cantidad`,`descuento`,`subtotal`,`created_at`,`updated_at`) values 
(1,5,5,65000.00,1.000,0.00,65000.00,'2022-11-30 01:13:25','2022-11-30 01:13:25'),
(2,5,6,65000.00,1.000,0.00,65000.00,'2022-11-30 01:13:25','2022-11-30 01:13:25'),
(3,29,40,65000.00,1.000,0.00,65000.00,'2022-11-30 01:51:52','2022-11-30 01:51:52'),
(4,29,38,65000.00,1.000,0.00,65000.00,'2022-11-30 01:51:52','2022-11-30 01:51:52'),
(5,29,39,65000.00,1.000,0.00,65000.00,'2022-11-30 01:51:52','2022-11-30 01:51:52'),
(6,32,9,65000.00,1.000,0.00,65000.00,'2022-11-30 01:54:56','2022-11-30 01:54:56'),
(7,32,5,65000.00,1.000,0.00,65000.00,'2022-11-30 01:54:56','2022-11-30 01:54:56'),
(8,32,4,65000.00,1.000,0.00,65000.00,'2022-11-30 01:54:56','2022-11-30 01:54:56'),
(9,32,3,65000.00,1.000,0.00,65000.00,'2022-11-30 01:54:56','2022-11-30 01:54:56'),
(10,32,10,65000.00,1.000,0.00,65000.00,'2022-11-30 01:54:56','2022-11-30 01:54:56'),
(11,32,11,65000.00,1.000,0.00,65000.00,'2022-11-30 01:54:56','2022-11-30 01:54:56'),
(12,32,6,65000.00,1.000,0.00,65000.00,'2022-11-30 01:54:56','2022-11-30 01:54:56'),
(13,32,4,65000.00,1.000,0.00,65000.00,'2022-11-30 01:54:56','2022-11-30 01:54:56'),
(14,32,49,65000.00,1.000,0.00,65000.00,'2022-11-30 01:54:56','2022-11-30 01:54:56'),
(15,32,46,65000.00,1.000,0.00,65000.00,'2022-11-30 01:54:56','2022-11-30 01:54:56'),
(16,32,45,65000.00,1.000,0.00,65000.00,'2022-11-30 01:54:56','2022-11-30 01:54:56'),
(17,32,44,65000.00,1.000,0.00,65000.00,'2022-11-30 01:54:56','2022-11-30 01:54:56'),
(18,32,43,65000.00,1.000,0.00,65000.00,'2022-11-30 01:54:56','2022-11-30 01:54:56'),
(19,32,47,65000.00,1.000,0.00,65000.00,'2022-11-30 01:54:56','2022-11-30 01:54:56'),
(20,32,48,65000.00,1.000,0.00,65000.00,'2022-11-30 01:54:56','2022-11-30 01:54:56'),
(21,32,49,65000.00,1.000,0.00,65000.00,'2022-11-30 01:54:56','2022-11-30 01:54:56'),
(22,32,51,65000.00,1.000,0.00,65000.00,'2022-11-30 01:54:56','2022-11-30 01:54:56'),
(23,33,8,65000.00,1.000,0.00,65000.00,'2022-11-30 09:51:18','2022-11-30 09:51:18'),
(24,33,7,65000.00,1.000,0.00,65000.00,'2022-11-30 09:51:18','2022-11-30 09:51:18'),
(25,33,5,65000.00,1.000,0.00,65000.00,'2022-11-30 09:51:18','2022-11-30 09:51:18'),
(26,34,50,65000.00,1.000,0.00,65000.00,'2022-11-30 09:53:13','2022-11-30 09:53:13'),
(27,34,48,65000.00,1.000,0.00,65000.00,'2022-11-30 09:53:13','2022-11-30 09:53:13'),
(28,35,60,65000.00,1.000,0.00,65000.00,'2022-11-30 21:22:44','2022-11-30 21:22:44'),
(29,35,59,65000.00,1.000,0.00,65000.00,'2022-11-30 21:22:44','2022-11-30 21:22:44'),
(30,35,57,65000.00,1.000,0.00,65000.00,'2022-11-30 21:22:44','2022-11-30 21:22:44'),
(31,36,6,65000.00,1.000,0.00,65000.00,'2022-11-30 21:26:31','2022-11-30 21:26:31'),
(32,36,4,65000.00,1.000,0.00,65000.00,'2022-11-30 21:26:31','2022-11-30 21:26:31'),
(33,36,3,65000.00,1.000,0.00,65000.00,'2022-11-30 21:26:32','2022-11-30 21:26:32'),
(34,36,2,65000.00,1.000,0.00,65000.00,'2022-11-30 21:26:32','2022-11-30 21:26:32'),
(35,36,6,65000.00,1.000,0.00,65000.00,'2022-11-30 21:26:32','2022-11-30 21:26:32'),
(36,36,8,65000.00,1.000,0.00,65000.00,'2022-11-30 21:26:32','2022-11-30 21:26:32'),
(37,36,9,65000.00,1.000,0.00,65000.00,'2022-11-30 21:26:32','2022-11-30 21:26:32'),
(38,37,5,65000.00,1.000,0.00,65000.00,'2022-11-30 21:57:04','2022-11-30 21:57:04'),
(39,37,21,65000.00,1.000,0.00,65000.00,'2022-11-30 21:57:05','2022-11-30 21:57:05'),
(40,38,586,65000.00,1.000,0.00,65000.00,'2022-12-01 00:09:58','2022-12-01 00:09:58'),
(41,39,3,65000.00,1.000,0.00,65000.00,'2022-12-01 00:21:12','2022-12-01 00:21:12'),
(42,40,5,65000.00,1.000,0.00,65000.00,'2022-12-01 00:23:54','2022-12-01 00:23:54'),
(43,41,46,65000.00,1.000,0.00,65000.00,'2022-12-01 00:27:29','2022-12-01 00:27:29'),
(44,42,589,140000.00,1.000,0.00,140000.00,'2022-12-01 15:06:02','2022-12-01 15:06:02'),
(45,43,40,65000.00,1.000,0.00,65000.00,'2022-12-01 15:09:03','2022-12-01 15:09:03'),
(46,44,40,65000.00,1.000,0.00,65000.00,'2022-12-01 15:14:50','2022-12-01 15:14:50'),
(47,45,41,65000.00,1.000,0.00,65000.00,'2022-12-01 15:24:55','2022-12-01 15:24:55'),
(48,46,39,65000.00,1.000,0.00,65000.00,'2022-12-01 15:27:58','2022-12-01 15:27:58'),
(49,47,41,65000.00,1.000,0.00,65000.00,'2022-12-01 15:29:50','2022-12-01 15:29:50'),
(50,48,77,65000.00,1.000,0.00,65000.00,'2022-12-01 15:31:20','2022-12-01 15:31:20'),
(51,49,89,65000.00,1.000,0.00,65000.00,'2022-12-01 15:33:14','2022-12-01 15:33:14'),
(52,50,90,65000.00,1.000,0.00,65000.00,'2022-12-01 15:41:12','2022-12-01 15:41:12'),
(53,51,3,65000.00,1.000,0.00,65000.00,'2022-12-01 15:45:47','2022-12-01 15:45:47'),
(54,52,4,65000.00,1.000,0.00,65000.00,'2022-12-01 15:49:32','2022-12-01 15:49:32'),
(55,53,51,65000.00,1.000,0.00,65000.00,'2022-12-01 15:53:47','2022-12-01 15:53:47'),
(56,54,2,65000.00,1.000,0.00,65000.00,'2022-12-01 15:54:52','2022-12-01 15:54:52'),
(57,55,6,65000.00,1.000,0.00,65000.00,'2022-12-01 15:59:24','2022-12-01 15:59:24'),
(58,56,40,65000.00,1.000,0.00,65000.00,'2022-12-01 16:37:03','2022-12-01 16:37:03'),
(59,57,110,65000.00,1.000,0.00,65000.00,'2022-12-01 16:39:54','2022-12-01 16:39:54'),
(60,58,46,65000.00,1.000,0.00,65000.00,'2022-12-01 16:44:37','2022-12-01 16:44:37'),
(61,59,149,65000.00,1.000,0.00,65000.00,'2022-12-01 16:46:03','2022-12-01 16:46:03'),
(62,60,41,65000.00,1.000,0.00,65000.00,'2022-12-01 20:50:23','2022-12-01 20:50:23'),
(63,61,106,65000.00,1.000,0.00,65000.00,'2022-12-01 20:51:31','2022-12-01 20:51:31'),
(64,62,47,65000.00,2.000,0.00,130000.00,'2022-12-01 21:15:49','2022-12-01 21:15:49'),
(65,62,39,65000.00,1.000,0.00,65000.00,'2022-12-01 21:15:49','2022-12-01 21:15:49'),
(66,63,21,65000.00,1.000,0.00,65000.00,'2022-12-01 21:18:20','2022-12-01 21:18:20'),
(67,64,9,65000.00,2.000,0.00,130000.00,'2022-12-04 23:02:10','2022-12-04 23:02:10'),
(68,65,48,65000.00,1.000,0.00,65000.00,'2022-12-04 23:04:52','2022-12-04 23:04:52'),
(69,65,47,65000.00,1.000,0.00,65000.00,'2022-12-04 23:04:53','2022-12-04 23:04:53'),
(70,65,45,65000.00,1.000,0.00,65000.00,'2022-12-04 23:04:53','2022-12-04 23:04:53'),
(71,65,46,65000.00,1.000,0.00,65000.00,'2022-12-04 23:04:53','2022-12-04 23:04:53'),
(72,66,588,65000.00,1.000,0.00,65000.00,'2022-12-06 22:44:30','2022-12-06 22:44:30'),
(73,66,587,65000.00,1.000,0.00,65000.00,'2022-12-06 22:44:30','2022-12-06 22:44:30'),
(74,70,515,140000.00,2.000,0.00,280000.00,'2022-12-23 16:47:58','2022-12-23 16:47:58'),
(75,70,303,65000.00,1.000,0.00,65000.00,'2022-12-23 16:47:58','2022-12-23 16:47:58'),
(76,71,57,65000.00,1.000,0.00,65000.00,'2022-12-23 16:53:19','2022-12-23 16:53:19'),
(77,71,58,65000.00,1.000,0.00,65000.00,'2022-12-23 16:53:19','2022-12-23 16:53:19'),
(78,71,56,65000.00,1.000,0.00,65000.00,'2022-12-23 16:53:19','2022-12-23 16:53:19'),
(79,72,58,65000.00,1.000,0.00,65000.00,'2022-12-23 16:56:11','2022-12-23 16:56:11'),
(80,72,56,65000.00,1.000,0.00,65000.00,'2022-12-23 16:56:11','2022-12-23 16:56:11'),
(81,73,506,140000.00,1.000,0.00,140000.00,'2022-12-23 17:07:57','2022-12-23 17:07:57'),
(82,73,504,140000.00,1.000,0.00,140000.00,'2022-12-23 17:07:57','2022-12-23 17:07:57'),
(83,74,555,140000.00,2.000,0.00,280000.00,'2022-12-23 17:10:27','2022-12-23 17:10:27'),
(84,74,461,65000.00,1.000,0.00,65000.00,'2022-12-23 17:10:27','2022-12-23 17:10:27'),
(85,75,515,140000.00,1.000,0.00,140000.00,'2022-12-23 17:12:00','2022-12-23 17:12:00'),
(86,75,292,65000.00,1.000,0.00,65000.00,'2022-12-23 17:12:00','2022-12-23 17:12:00'),
(87,75,303,65000.00,1.000,0.00,65000.00,'2022-12-23 17:12:00','2022-12-23 17:12:00'),
(88,76,515,140000.00,1.000,0.00,140000.00,'2022-12-25 16:58:27','2022-12-25 16:58:27'),
(89,76,367,65000.00,1.000,0.00,65000.00,'2022-12-25 16:58:28','2022-12-25 16:58:28'),
(90,77,367,65000.00,1.000,0.00,65000.00,'2022-12-25 17:00:23','2022-12-25 17:00:23'),
(91,77,515,140000.00,1.000,0.00,140000.00,'2022-12-25 17:00:23','2022-12-25 17:00:23'),
(92,78,504,140000.00,1.000,0.00,140000.00,'2022-12-25 17:22:18','2022-12-25 17:22:18'),
(93,78,483,140000.00,1.000,0.00,140000.00,'2022-12-25 17:22:18','2022-12-25 17:22:18'),
(94,79,90,65000.00,1.000,0.00,65000.00,'2022-12-25 17:57:04','2022-12-25 17:57:04'),
(95,79,97,65000.00,1.000,0.00,65000.00,'2022-12-25 17:57:04','2022-12-25 17:57:04'),
(96,80,94,65000.00,1.000,0.00,65000.00,'2022-12-25 18:04:53','2022-12-25 18:04:53'),
(97,80,67,65000.00,1.000,0.00,65000.00,'2022-12-25 18:04:54','2022-12-25 18:04:54'),
(98,81,89,65000.00,1.000,0.00,65000.00,'2022-12-25 18:06:22','2022-12-25 18:06:22'),
(99,81,109,65000.00,1.000,0.00,65000.00,'2022-12-25 18:06:22','2022-12-25 18:06:22'),
(100,82,138,65000.00,1.000,0.00,65000.00,'2022-12-25 18:25:20','2022-12-25 18:25:20'),
(101,82,133,65000.00,1.000,0.00,65000.00,'2022-12-25 18:25:20','2022-12-25 18:25:20'),
(102,83,287,65000.00,1.000,0.00,65000.00,'2022-12-25 18:29:32','2022-12-25 18:29:32'),
(103,83,309,65000.00,1.000,0.00,65000.00,'2022-12-25 18:29:32','2022-12-25 18:29:32'),
(104,84,401,65000.00,1.000,0.00,65000.00,'2022-12-25 18:31:17','2022-12-25 18:31:17'),
(105,85,5,65000.00,1.000,0.00,65000.00,'2022-12-25 18:33:01','2022-12-25 18:33:01'),
(106,86,127,65000.00,1.000,0.00,65000.00,'2022-12-25 18:35:02','2022-12-25 18:35:02'),
(107,86,4,65000.00,1.000,0.00,65000.00,'2022-12-25 18:35:02','2022-12-25 18:35:02'),
(108,87,469,140000.00,1.000,0.00,140000.00,'2022-12-25 18:43:05','2022-12-25 18:43:05'),
(109,87,574,140000.00,1.000,0.00,140000.00,'2022-12-25 18:43:05','2022-12-25 18:43:05'),
(110,88,367,65000.00,1.000,0.00,65000.00,'2022-12-25 18:51:27','2022-12-25 18:51:27'),
(111,89,367,65000.00,1.000,0.00,65000.00,'2022-12-25 18:56:04','2022-12-25 18:56:04'),
(112,90,292,65000.00,1.000,0.00,65000.00,'2022-12-25 18:58:57','2022-12-25 18:58:57'),
(113,91,461,65000.00,1.000,0.00,65000.00,'2022-12-25 19:00:05','2022-12-25 19:00:05'),
(114,92,61,65000.00,1.000,0.00,65000.00,'2022-12-25 19:08:14','2022-12-25 19:08:14'),
(115,93,367,65000.00,1.000,0.00,65000.00,'2022-12-25 19:09:46','2022-12-25 19:09:46'),
(116,94,242,65000.00,1.000,0.00,65000.00,'2022-12-25 19:17:23','2022-12-25 19:17:23'),
(117,94,66,65000.00,1.000,0.00,65000.00,'2022-12-25 19:17:23','2022-12-25 19:17:23'),
(118,95,350,65000.00,1.000,0.00,65000.00,'2022-12-25 19:19:02','2022-12-25 19:19:02'),
(119,96,471,140000.00,1.000,0.00,140000.00,'2022-12-25 19:20:04','2022-12-25 19:20:04'),
(120,96,464,140000.00,1.000,0.00,140000.00,'2022-12-25 19:20:04','2022-12-25 19:20:04'),
(121,97,471,140000.00,1.000,0.00,140000.00,'2022-12-25 19:22:02','2022-12-25 19:22:02'),
(122,98,515,140000.00,1.000,0.00,140000.00,'2022-12-25 19:27:05','2022-12-25 19:27:05'),
(123,99,515,140000.00,1.000,0.00,140000.00,'2022-12-25 19:28:10','2022-12-25 19:28:10'),
(124,100,215,65000.00,1.000,0.00,65000.00,'2022-12-25 19:39:55','2022-12-25 19:39:55'),
(125,100,196,65000.00,1.000,0.00,65000.00,'2022-12-25 19:39:55','2022-12-25 19:39:55'),
(126,101,589,140000.00,1.000,0.00,140000.00,'2022-12-25 19:40:30','2022-12-25 19:40:30'),
(127,102,57,65000.00,1.000,0.00,65000.00,'2022-12-25 19:43:30','2022-12-25 19:43:30'),
(128,103,133,65000.00,1.000,0.00,65000.00,'2022-12-25 19:47:08','2022-12-25 19:47:08'),
(129,104,138,65000.00,1.000,0.00,65000.00,'2022-12-25 19:48:02','2022-12-25 19:48:02'),
(130,105,323,65000.00,1.000,0.00,65000.00,'2022-12-25 19:49:26','2022-12-25 19:49:26'),
(131,106,69,65000.00,1.000,0.00,65000.00,'2022-12-25 19:50:17','2022-12-25 19:50:17'),
(132,107,127,65000.00,1.000,0.00,65000.00,'2022-12-25 19:52:59','2022-12-25 19:52:59'),
(133,108,52,65000.00,1.000,0.00,65000.00,'2022-12-25 19:58:28','2022-12-25 19:58:28'),
(134,108,545,140000.00,1.000,0.00,140000.00,'2022-12-25 19:58:28','2022-12-25 19:58:28'),
(135,109,128,65000.00,1.000,0.00,65000.00,'2022-12-25 20:01:40','2022-12-25 20:01:40'),
(136,109,343,65000.00,1.000,0.00,65000.00,'2022-12-25 20:01:40','2022-12-25 20:01:40'),
(137,110,126,65000.00,1.000,0.00,65000.00,'2022-12-25 20:04:12','2022-12-25 20:04:12'),
(138,111,309,65000.00,1.000,0.00,65000.00,'2022-12-25 20:08:47','2022-12-25 20:08:47'),
(139,112,133,65000.00,1.000,0.00,65000.00,'2022-12-25 20:13:52','2022-12-25 20:13:52'),
(140,113,63,65000.00,1.000,0.00,65000.00,'2022-12-25 20:15:53','2022-12-25 20:15:53'),
(141,114,218,65000.00,1.000,0.00,65000.00,'2022-12-25 20:17:57','2022-12-25 20:17:57'),
(142,115,315,65000.00,1.000,0.00,65000.00,'2022-12-25 20:19:58','2022-12-25 20:19:58'),
(143,116,303,65000.00,1.000,0.00,65000.00,'2022-12-25 20:20:44','2022-12-25 20:20:44'),
(144,117,367,65000.00,1.000,0.00,65000.00,'2022-12-25 20:21:49','2022-12-25 20:21:49'),
(145,118,109,65000.00,1.000,0.00,65000.00,'2022-12-25 20:25:49','2022-12-25 20:25:49'),
(146,118,89,65000.00,1.000,0.00,65000.00,'2022-12-25 20:25:49','2022-12-25 20:25:49'),
(147,119,512,140000.00,1.000,0.00,140000.00,'2022-12-25 20:26:49','2022-12-25 20:26:49'),
(148,120,95,65000.00,1.000,0.00,65000.00,'2022-12-25 20:39:14','2022-12-25 20:39:14'),
(149,120,323,65000.00,1.000,0.00,65000.00,'2022-12-25 20:39:14','2022-12-25 20:39:14'),
(150,121,95,65000.00,1.000,0.00,65000.00,'2022-12-25 20:39:50','2022-12-25 20:39:50'),
(151,122,67,65000.00,1.000,0.00,65000.00,'2022-12-25 20:41:05','2022-12-25 20:41:05'),
(152,123,515,140000.00,1.000,0.00,140000.00,'2022-12-25 20:43:33','2022-12-25 20:43:33'),
(153,124,303,65000.00,1.000,0.00,65000.00,'2022-12-25 20:44:39','2022-12-25 20:44:39'),
(154,125,292,65000.00,1.000,0.00,65000.00,'2022-12-25 20:45:29','2022-12-25 20:45:29'),
(155,128,292,65000.00,1.000,0.00,65000.00,'2022-12-25 21:06:26','2022-12-25 21:06:26'),
(156,129,61,65000.00,1.000,0.00,65000.00,'2022-12-25 21:08:36','2022-12-25 21:08:36'),
(157,130,555,140000.00,1.000,0.00,140000.00,'2022-12-25 21:10:42','2022-12-25 21:10:42'),
(158,131,315,30000.00,1.000,0.00,30000.00,'2022-12-29 22:19:59','2022-12-29 22:19:59'),
(159,132,303,10000.00,1.000,0.00,10000.00,'2022-12-29 22:21:18','2022-12-29 22:21:18'),
(160,133,367,65000.00,1.000,0.00,65000.00,'2023-01-11 23:01:46','2023-01-11 23:01:46'),
(161,133,515,140000.00,1.000,0.00,140000.00,'2023-01-11 23:01:46','2023-01-11 23:01:46'),
(162,134,2,65000.00,1.000,0.00,65000.00,'2023-01-22 16:08:58','2023-01-22 16:08:58'),
(163,134,3,65000.00,1.000,0.00,65000.00,'2023-01-22 16:08:58','2023-01-22 16:08:58'),
(164,135,463,140000.00,1.000,0.00,140000.00,'2023-01-22 16:54:24','2023-01-22 16:54:24'),
(165,136,473,140000.00,1.000,0.00,140000.00,'2023-01-22 17:09:36','2023-01-22 17:09:36'),
(166,136,37,65000.00,1.000,0.00,65000.00,'2023-01-22 17:09:36','2023-01-22 17:09:36'),
(167,137,167,65000.00,1.000,0.00,65000.00,'2023-01-22 17:11:39','2023-01-22 17:11:39'),
(168,137,253,65000.00,1.000,0.00,65000.00,'2023-01-22 17:11:39','2023-01-22 17:11:39');

/*Table structure for table `detalles_cotizacion` */

DROP TABLE IF EXISTS `detalles_cotizacion`;

CREATE TABLE `detalles_cotizacion` (
  `id` int NOT NULL AUTO_INCREMENT,
  `id_cotizacion` int NOT NULL,
  `id_producto` int NOT NULL,
  `precio_venta` int NOT NULL,
  `cantidad` int NOT NULL,
  `descuento` int NOT NULL,
  `total` int NOT NULL,
  `item` int NOT NULL,
  `created_at` timestamp NULL DEFAULT NULL,
  `updated_at` timestamp NULL DEFAULT NULL,
  PRIMARY KEY (`id`)
) ENGINE=InnoDB AUTO_INCREMENT=39 DEFAULT CHARSET=utf8mb4 ;

/*Data for the table `detalles_cotizacion` */

insert  into `detalles_cotizacion`(`id`,`id_cotizacion`,`id_producto`,`precio_venta`,`cantidad`,`descuento`,`total`,`item`,`created_at`,`updated_at`) values 
(1,2,1,50000,1,10000,40000,1,'2022-10-25 05:03:53','2022-10-25 05:03:53'),
(2,3,1,50000,1,0,50000,1,'2022-10-25 05:18:35','2022-10-25 05:18:35'),
(3,5,2,65000,1,10000,55000,1,'2022-11-03 15:01:32','2022-11-03 15:01:32'),
(4,6,2,65000,1,0,65000,1,'2022-11-03 15:02:03','2022-11-03 15:02:03'),
(5,7,2,65000,1,15000,50000,1,'2022-11-03 15:12:31','2022-11-03 15:12:31'),
(6,8,2,65000,1,0,65000,1,'2022-11-24 04:51:48','2022-11-24 04:51:48'),
(7,9,2,65000,1,10000,55000,1,'2022-11-24 14:27:47','2022-11-24 14:27:47'),
(8,9,4,65000,1,0,65000,2,'2022-11-24 14:27:47','2022-11-24 14:27:47'),
(9,9,5,65000,1,0,65000,3,'2022-11-24 14:27:47','2022-11-24 14:27:47'),
(10,11,2,65000,3,0,195000,1,'2022-12-20 23:47:04','2022-12-20 23:47:04'),
(11,11,5,65000,2,0,130000,2,'2022-12-20 23:47:04','2022-12-20 23:47:04'),
(12,11,303,65000,3,0,195000,3,'2022-12-20 23:47:04','2022-12-20 23:47:04'),
(13,11,504,140000,2,0,280000,4,'2022-12-20 23:47:04','2022-12-20 23:47:04'),
(14,11,515,140000,4,0,560000,5,'2022-12-20 23:47:04','2022-12-20 23:47:04'),
(15,27,367,65000,1,0,65000,1,'2022-12-21 00:00:53','2022-12-21 00:00:53'),
(16,27,515,140000,1,0,140000,2,'2022-12-21 00:00:53','2022-12-21 00:00:53'),
(17,28,292,65000,1,0,65000,1,'2022-12-21 00:17:37','2022-12-21 00:17:37'),
(18,28,315,65000,1,0,65000,2,'2022-12-21 00:17:37','2022-12-21 00:17:37'),
(19,29,471,140000,1,0,140000,1,'2022-12-21 00:22:19','2022-12-21 00:22:19'),
(20,29,475,140000,1,0,140000,2,'2022-12-21 00:22:19','2022-12-21 00:22:19'),
(21,30,292,65000,1,0,65000,1,'2022-12-21 00:24:20','2022-12-21 00:24:20'),
(22,30,303,65000,1,0,65000,2,'2022-12-21 00:24:20','2022-12-21 00:24:20'),
(23,30,515,140000,1,0,140000,3,'2022-12-21 00:24:20','2022-12-21 00:24:20'),
(24,31,515,140000,1,0,140000,1,'2022-12-21 14:37:47','2022-12-21 14:37:47'),
(25,32,512,140000,1,0,140000,1,'2022-12-21 14:38:40','2022-12-21 14:38:40'),
(26,33,292,65000,1,0,65000,1,'2022-12-21 15:10:37','2022-12-21 15:10:37'),
(27,33,315,65000,1,0,65000,2,'2022-12-21 15:10:37','2022-12-21 15:10:37'),
(28,33,515,140000,1,0,140000,3,'2022-12-21 15:10:37','2022-12-21 15:10:37'),
(29,34,315,65000,1,0,65000,1,'2022-12-29 15:43:15','2022-12-29 15:43:15'),
(30,35,367,65000,1,0,65000,1,'2022-12-29 15:44:46','2022-12-29 15:44:46'),
(31,36,315,65000,2,0,130000,1,'2022-12-29 21:57:47','2022-12-29 21:57:47'),
(32,37,315,65000,1,0,65000,1,'2023-01-04 14:42:07','2023-01-04 14:42:07'),
(33,38,94,65000,1,0,65000,1,'2023-01-10 20:20:35','2023-01-10 20:20:35'),
(34,38,463,140000,1,0,140000,2,'2023-01-10 20:20:35','2023-01-10 20:20:35'),
(35,39,36,65000,1,0,65000,1,'2023-01-11 22:41:25','2023-01-11 22:41:25'),
(36,39,506,140000,1,0,140000,2,'2023-01-11 22:41:26','2023-01-11 22:41:26'),
(37,40,70,65000,1,0,65000,1,'2023-01-14 23:23:31','2023-01-14 23:23:31'),
(38,40,245,65000,1,0,65000,2,'2023-01-14 23:23:31','2023-01-14 23:23:31');

/*Table structure for table `failed_jobs` */

DROP TABLE IF EXISTS `failed_jobs`;

CREATE TABLE `failed_jobs` (
  `id` bigint unsigned NOT NULL AUTO_INCREMENT,
  `uuid` varchar(255) CHARACTER SET utf8mb4 COLLATE utf8mb4_unicode_ci NOT NULL,
  `connection` text CHARACTER SET utf8mb4 COLLATE utf8mb4_unicode_ci NOT NULL,
  `queue` text CHARACTER SET utf8mb4 COLLATE utf8mb4_unicode_ci NOT NULL,
  `payload` longtext CHARACTER SET utf8mb4 COLLATE utf8mb4_unicode_ci NOT NULL,
  `exception` longtext CHARACTER SET utf8mb4 COLLATE utf8mb4_unicode_ci NOT NULL,
  `failed_at` timestamp NOT NULL DEFAULT CURRENT_TIMESTAMP,
  PRIMARY KEY (`id`),
  UNIQUE KEY `failed_jobs_uuid_unique` (`uuid`)
) ENGINE=InnoDB DEFAULT CHARSET=utf8mb4 ;

/*Data for the table `failed_jobs` */

/*Table structure for table `migrations` */

DROP TABLE IF EXISTS `migrations`;

CREATE TABLE `migrations` (
  `id` int unsigned NOT NULL AUTO_INCREMENT,
  `migration` varchar(255) CHARACTER SET utf8mb4 COLLATE utf8mb4_unicode_ci NOT NULL,
  `batch` int NOT NULL,
  PRIMARY KEY (`id`)
) ENGINE=InnoDB DEFAULT CHARSET=utf8mb4 ;

/*Data for the table `migrations` */

/*Table structure for table `password_resets` */

DROP TABLE IF EXISTS `password_resets`;

CREATE TABLE `password_resets` (
  `email` varchar(255) CHARACTER SET utf8mb4 COLLATE utf8mb4_unicode_ci NOT NULL,
  `token` varchar(255) CHARACTER SET utf8mb4 COLLATE utf8mb4_unicode_ci NOT NULL,
  `created_at` timestamp NULL DEFAULT NULL,
  KEY `password_resets_email_index` (`email`)
) ENGINE=InnoDB DEFAULT CHARSET=utf8mb4 ;

/*Data for the table `password_resets` */

/*Table structure for table `personal_access_tokens` */

DROP TABLE IF EXISTS `personal_access_tokens`;

CREATE TABLE `personal_access_tokens` (
  `id` bigint unsigned NOT NULL AUTO_INCREMENT,
  `tokenable_type` varchar(255) CHARACTER SET utf8mb4 COLLATE utf8mb4_unicode_ci NOT NULL,
  `tokenable_id` bigint unsigned NOT NULL,
  `name` varchar(255) CHARACTER SET utf8mb4 COLLATE utf8mb4_unicode_ci NOT NULL,
  `token` varchar(64) CHARACTER SET utf8mb4 COLLATE utf8mb4_unicode_ci NOT NULL,
  `abilities` text CHARACTER SET utf8mb4 COLLATE utf8mb4_unicode_ci,
  `last_used_at` timestamp NULL DEFAULT NULL,
  `created_at` timestamp NULL DEFAULT NULL,
  `updated_at` timestamp NULL DEFAULT NULL,
  PRIMARY KEY (`id`),
  UNIQUE KEY `personal_access_tokens_token_unique` (`token`),
  KEY `personal_access_tokens_tokenable_type_tokenable_id_index` (`tokenable_type`,`tokenable_id`)
) ENGINE=InnoDB DEFAULT CHARSET=utf8mb4 ;

/*Data for the table `personal_access_tokens` */

/*Table structure for table `productos` */

DROP TABLE IF EXISTS `productos`;

CREATE TABLE `productos` (
  `id` bigint unsigned NOT NULL AUTO_INCREMENT,
  `codigo` varchar(30) CHARACTER SET utf8mb4  NOT NULL,
  `nombre` varchar(100) CHARACTER SET utf8mb4  NOT NULL,
  `descripcion` text CHARACTER SET utf8mb4 ,
  `id_categ` int NOT NULL,
  `id_proveedor` int NOT NULL,
  `id_subcateg` bigint unsigned NOT NULL,
  `impuestos` varchar(50) CHARACTER SET utf8mb4  DEFAULT NULL,
  `estado` tinyint(1) NOT NULL,
  `precio_costo` int NOT NULL,
  `precio_venta` int NOT NULL,
  `stock` int NOT NULL,
  `stock_min` int NOT NULL,
  `maneja_inventario` tinyint(1) NOT NULL,
  `imagen` text CHARACTER SET utf8mb4 ,
  `created_at` timestamp NULL DEFAULT NULL,
  `updated_at` timestamp NULL DEFAULT NULL,
  PRIMARY KEY (`id`),
  KEY `productos_ibfk_1` (`id_subcateg`),
  CONSTRAINT `productos_ibfk_1` FOREIGN KEY (`id_subcateg`) REFERENCES `subcategorias` (`id`) ON DELETE CASCADE
) ENGINE=InnoDB AUTO_INCREMENT=597 DEFAULT CHARSET=utf8mb4 ;

/*Data for the table `productos` */

insert  into `productos`(`id`,`codigo`,`nombre`,`descripcion`,`id_categ`,`id_proveedor`,`id_subcateg`,`impuestos`,`estado`,`precio_costo`,`precio_venta`,`stock`,`stock_min`,`maneja_inventario`,`imagen`,`created_at`,`updated_at`) values 
(2,'AT190223275','KIA RIO III 2011- SEDAN /HB','D/D  VERDE',1,3,1,'No Mostrar',1,12000,65000,10,2,1,'','2022-10-27 03:42:16','2022-11-02 03:18:36'),
(3,'59660TDR2','KIA RIO  4  2012 SEDAN','D/D VERDE',1,2,1,'No Mostrar',1,12000,65000,1,3,1,'','2022-10-27 03:45:39','2022-11-15 07:05:53'),
(4,'01420TDR2','NISSAN V 16 SEDAN','T/D VERDE',6,3,1,'No Mostrar',1,12000,65000,0,2,1,'','2022-10-27 03:46:50','2022-11-11 00:51:26'),
(5,'1970','KIA MORNING 2017  HB','T/D  VERDE',1,3,1,'No Mostrar',1,12000,65000,0,3,1,'','2022-10-27 03:49:15','2022-11-02 03:19:40'),
(6,'27643','KIA RIO 4 SEDAN 2017','T/I VERDE',1,3,1,'No Mostrar',1,12000,65000,1,2,1,'','2022-10-27 03:50:34','2022-11-02 03:20:05'),
(7,'24660','KIA RIO 4 SEDAN 2000 -2005','T/D VERDE',1,2,1,'No Mostrar',1,12000,65000,1,1,1,'','2022-10-27 03:53:38','2022-10-27 03:53:38'),
(8,'53980TDR6','KIA RIO JB 2006 - 2011','T/D',1,2,1,'No Mostrar',1,12000,65000,1,1,1,'','2022-10-27 03:55:50','2022-10-27 03:55:50'),
(9,'53980TDR5','KIA RIO JB 2006-2011','T/I  VERDE',1,2,1,'No Mostrar',1,12000,65000,1,1,1,'','2022-10-27 03:56:58','2022-10-27 03:56:58'),
(10,'58970TDR5','KIA MORNING 2011 EN ADELANTE','T/I   VERDE',1,2,1,'No Mostrar',1,12000,65000,1,1,1,'','2022-10-27 04:39:39','2022-10-27 04:39:39'),
(11,'58970TDR6','KIA MORNING 2011 EN ADELANTE','T/D   VERDE',1,2,1,'No Mostrar',1,12000,65000,1,1,1,'','2022-10-27 04:40:19','2022-10-27 04:40:19'),
(12,'AT190223275','KIA RIO III 2011- SEDAN /HB','D/D  VERDE',1,3,1,'No Mostrar',1,12000,65000,2,2,1,'','2022-10-27 04:45:47','2022-11-02 03:20:48'),
(13,'AT181127206','KIA RIO III SEDAN / HB  2011 EN ADELANTE','D/I  VERDE',1,3,1,'No Mostrar',1,12000,65000,1,1,1,'','2022-10-27 04:46:55','2022-11-02 03:21:18'),
(14,'51380TDR6','KIA MORNING 2004-2010','T/D  VERDE',1,2,1,'No Mostrar',1,12000,65000,1,1,1,'','2022-10-27 05:37:30','2022-10-27 05:37:30'),
(15,'551380TDR5','KIA MORNING 2004 -  2010','T/I       VERDE',1,2,1,'No Mostrar',1,12000,65000,1,1,1,'','2022-10-27 05:38:51','2022-10-27 05:38:51'),
(16,'58970TDR6','KIA MORNING 2011 EN ADELANTE','T/D',1,2,1,'No Mostrar',1,12000,65000,2,2,1,'','2022-10-27 05:40:32','2022-10-27 05:40:32'),
(17,'53980TDR5','KIA RIO 4 SEDAN JB 2005-2011','T/I   VERDE',1,2,1,'No Mostrar',1,12000,65000,2,2,1,'','2022-10-27 05:42:46','2022-10-27 05:42:46'),
(18,'5398TDR5','KIA RIO 5  JB SEDAN 2006-2011','T/I  VERDE',1,2,1,'No Mostrar',1,12000,65000,1,1,1,'','2022-10-27 05:44:36','2022-10-27 05:44:36'),
(19,'51380TDR6','KIA MORNING 2004-2011','T/D    VERDE',1,2,1,'No Mostrar',1,12000,65000,1,1,1,'','2022-10-27 10:23:11','2022-10-27 10:23:11'),
(20,'58970TDR5','KIA MORNING 2011-2016','T/I   VERDE',1,2,1,'No Mostrar',1,12000,65000,1,1,1,'','2022-10-27 10:25:13','2022-10-27 10:25:13'),
(21,'1970','KIA MORNING 2017','T/I  VERDE',1,3,1,'No Mostrar',1,12000,65000,1,1,1,'','2022-10-27 10:27:41','2022-11-02 03:21:44'),
(22,'26032TDR3','KIA CERATO  SEDAN 2013  EN ADELANTE','T/I   VERDE',1,2,1,'No Mostrar',1,12000,65000,1,1,1,'','2022-10-27 10:31:16','2022-11-02 03:22:14'),
(23,'26031TDR2','KIA CERATO SEDAN 2013','T/D  VERDE',1,2,1,'No Mostrar',1,12000,65000,1,1,1,'','2022-10-27 10:32:42','2022-11-02 03:22:41'),
(24,'AT170730063','KIA MORNING 2011','T/I     VERDE',1,3,1,'No Mostrar',1,12000,65000,1,1,1,'','2022-10-27 10:37:54','2022-11-02 03:23:01'),
(25,'AT190221162','KIA RIO III  UB 2011 - 2016  SEDAN','T/D    VERDE',1,3,1,'No Mostrar',1,12000,65000,2,2,1,'','2022-10-27 10:39:40','2022-11-02 03:23:22'),
(26,'AT190221163','KIA RIO III UB 2011 EN ADELANTE','T/I    VERDE',1,3,1,'No Mostrar',1,12000,65000,2,2,1,'','2022-10-27 10:43:03','2022-11-02 03:23:42'),
(27,'57340TDR6','MAZDA 3  SEDAN  2009  -  2014','T/D   VERDE',1,2,1,'No Mostrar',1,12000,65000,1,1,1,'','2022-10-27 10:48:43','2022-10-27 10:48:43'),
(28,'57340TDR5','MAZDA 3  SEDAN 2009-2014','T/I   VERDE',1,2,1,'No Mostrar',1,12000,65000,1,1,1,'','2022-10-27 10:49:56','2022-10-27 10:49:56'),
(29,'5560ATDR5','MAZDA 2  HB   2007  -  2014','T/I    VERDE',1,2,1,'No Mostrar',1,12000,65000,2,2,1,'','2022-10-27 10:54:33','2022-10-27 10:54:33'),
(30,'5560ATDR6','MAZDA 2  HB   2007  -  2014','T/D    VERDE',1,2,1,'No Mostrar',1,12000,65000,1,1,1,'','2022-10-27 10:55:20','2022-10-27 10:55:20'),
(31,'04870TDR6','DAEWOO RACE   SEDAN   1.5  1994 - 1995','T/D    VERDE',1,2,1,'No Mostrar',1,12000,65000,1,1,1,'','2022-10-27 11:14:55','2022-10-27 11:14:55'),
(32,'58370TDR2','DAEWOO MATIZ 2010 EN ADELANTE','D/D    VERDE',1,2,1,'No Mostrar',1,12000,65000,1,1,1,'','2022-10-27 11:16:10','2022-10-27 11:16:10'),
(33,'58370TDR1','DAEWOO MATIZ   2010  EN ADELANTE','D/I   VERDE',1,2,1,'No Mostrar',1,12000,65000,2,2,1,'','2022-10-27 11:17:10','2022-10-27 11:17:10'),
(34,'30391','RENAULT 18 SEDAN 1979   1982','T/I   VERDE',1,2,1,'No Mostrar',1,12000,65000,1,1,1,'','2022-10-27 11:27:12','2022-10-27 11:27:12'),
(35,'2494DR6','RENAULT CLIO I HB  1990-1998','T/D   VERDE',1,2,1,'No Mostrar',1,12000,65000,1,1,1,'','2022-10-27 11:28:28','2022-10-27 11:28:28'),
(36,'01010','MEGANE  2003','T/I   VERDE',1,2,1,'No Mostrar',1,12000,65000,1,1,1,'','2022-10-27 11:29:39','2022-10-27 11:29:39'),
(37,'GT/ST131209158','MERCEDES BENZ 190E 1984-1993','D/I    VERDE',1,3,1,'No Mostrar',1,12000,65000,1,1,1,'','2022-10-28 04:52:59','2022-11-02 03:24:45'),
(38,'47760TDR2','VOLKSWAGEN GOLF VII 5D HB 2013','T/D  VERDE',1,2,1,'No Mostrar',1,12000,65000,1,1,1,'','2022-10-28 04:58:55','2022-10-28 04:58:55'),
(39,'50490TDR6','MAHINDRA SCORPIO 5D/4D PICK-UP 2008','T/D    VERDE',1,2,1,'No Mostrar',1,12000,65000,1,3,1,'','2022-10-28 05:14:51','2022-10-28 05:14:51'),
(40,'50490TDR5','MAHINDRA SCORPIO 5D/4D PICK-UP 2008','T/I  VERDE',1,2,1,'No Mostrar',1,12000,65000,1,4,1,'','2022-10-28 05:16:07','2022-10-28 05:16:07'),
(41,'58790TDR6','VW AMAROK4D PICKUP 2010','T/D  VERDE',1,2,1,'No Mostrar',1,12000,65000,1,4,1,'','2022-10-28 05:22:27','2022-10-28 05:22:27'),
(42,'50790TDR6','VW  AMAROK   2008','T/D    PRIVACE',1,2,1,'No Mostrar',1,12000,65000,2,2,1,'','2022-10-28 05:23:42','2022-10-28 05:23:42'),
(43,'50790TDR5','VW AMAROK  2010','T/I   PRIVACE',1,2,1,'No Mostrar',1,12000,65000,2,2,1,'','2022-10-28 05:24:36','2022-10-28 05:24:36'),
(44,'50790TDR5','VW AMAROK  2010','T/I   VERDE',1,2,1,'No Mostrar',1,12000,65000,1,1,1,'','2022-10-28 05:25:41','2022-10-28 05:25:41'),
(45,'5427ATDR5','MITSUBISHI TRITON PICKUP L 200 2006','T/I PRIVACE',1,2,1,'No Mostrar',1,12000,65000,0,1,1,'','2022-10-28 05:49:57','2022-10-28 05:49:57'),
(46,'5427ATDR5','MT L200-NEW KATANA  2006','T/I  VERDE',1,2,1,'No Mostrar',1,12000,65000,1,4,1,'','2022-10-28 08:18:04','2022-10-28 08:18:04'),
(47,'5427ATDR6','MT L200-NEW KATANA  2006','T/D VERDE',1,2,1,'No Mostrar',1,12000,65000,0,3,1,'','2022-10-28 08:19:38','2022-10-28 08:19:38'),
(48,'5427ATDR6','MT L200','T/D  PRIVACE',1,2,1,'No Mostrar',1,12000,65000,0,1,1,'','2022-10-28 08:20:48','2022-11-23 03:09:40'),
(49,'01212','MIT MONTERO SPORTS 5 PTAS','T/I   PRIVACE',1,2,1,'No Mostrar',1,12000,65000,1,1,1,'','2022-10-28 08:22:15','2022-10-28 08:22:15'),
(50,'5427BTDR5','MT MONTERO SPORTG2 5D 2010','T/I   PRIVACE',1,2,1,'No Mostrar',1,12000,65000,1,1,1,'','2022-10-28 08:24:57','2022-10-28 08:24:57'),
(51,'24561','NISSAN NAVARA   2006','T/D    VERDE',1,2,1,'No Mostrar',1,12000,65000,1,2,1,'','2022-10-28 08:28:47','2022-10-28 08:29:51'),
(52,'FV22461','NISSAN NAVARA  2005','T/I   VERDE',1,2,1,'No Mostrar',1,12000,65000,1,2,1,'','2022-10-28 08:33:54','2022-10-28 08:33:54'),
(53,'5377ATDR5','NISSAN PATHFINDER 2005 - 2012','T/I VERDE',1,2,1,'No Mostrar',1,12000,65000,2,2,1,'','2022-10-28 08:37:46','2022-10-28 08:38:46'),
(54,'52580TDR7','NISSAN TIIDA   4 PTAS 2004','T/I   VERDE',1,2,1,'No Mostrar',1,12000,650000,3,3,1,'','2022-10-28 08:40:58','2022-10-28 09:13:34'),
(55,'47170TDR6','NISSAN VERSA   2003- 2011','T/D  VERDE',1,2,1,'No Mostrar',1,12000,65000,1,1,1,'','2022-10-28 08:43:35','2022-10-28 08:43:35'),
(56,'01213','NISSAN SENTRA I','T/I VERDE',1,2,1,'No Mostrar',1,12000,65000,-1,1,1,'','2022-10-28 08:44:40','2022-10-28 08:44:40'),
(57,'01214','NISSAN SENTRA II    2001 - 2006','T/D  VERDE',1,2,1,'No Mostrar',1,12000,65000,-1,1,1,'','2022-10-28 08:46:07','2022-10-28 08:46:07'),
(58,'01215','NISSAN  VERSA','T/I   VERDE',1,2,1,'No Mostrar',1,12000,65000,-1,1,1,'','2022-10-28 08:47:21','2022-11-02 00:42:57'),
(59,'26640TDR5','NISSAN BLUEBIRD    2000 - 2005','T/I   VERDE',1,2,1,'No Mostrar',1,12000,65000,1,1,1,'','2022-10-28 09:15:14','2022-10-28 09:15:14'),
(60,'26640TDR6','NISSAN BLUEBIRD    2000 - 2005','T/D   VERDE',1,2,1,'No Mostrar',1,12000,65000,1,1,1,'','2022-10-28 09:15:56','2022-10-28 09:15:56'),
(61,'01216','FORD CARGO 1988 - 2010','T/I',1,2,1,'No Mostrar',1,12000,65000,-1,1,1,'','2022-10-28 09:18:07','2022-10-28 09:18:07'),
(62,'63260TDR2','FORD FIESTA SEDAN  2009','D/D   VERDE',1,2,1,'No Mostrar',1,12000,65000,1,1,1,'','2022-10-28 09:19:54','2022-10-28 09:19:54'),
(63,'1420TDR5','NISSAN V 16','T/I    VERDE',1,2,1,'No Mostrar',1,12000,65000,0,1,1,'','2022-10-28 09:20:58','2022-10-28 09:20:58'),
(64,'2456ATDR5','RN CLIO 2   1999-2008 / NISSAN PLATINA  2006','T/I    VERDE',1,2,1,'No Mostrar',1,12000,65000,1,1,1,'','2022-10-28 09:24:11','2022-10-28 09:24:11'),
(65,'AT190415136','NISSAN QASHQAI  2014','D/I   VERDE',1,3,1,'No Mostrar',1,12000,65000,1,1,1,'','2022-10-28 09:26:20','2022-11-02 03:27:45'),
(66,'01450TDR5','NISSAN SUNNY SEDAN 1985 -1991','T/I   VERDE',1,2,1,'No Mostrar',1,12000,65000,0,1,1,'','2022-10-28 09:28:36','2022-10-28 09:28:36'),
(67,'FV21152GTNR','TOYOTA RAV 4 2001-02005','T/I  VERDE',1,3,1,'No Mostrar',1,12000,65000,0,2,1,'','2022-10-29 02:26:08','2022-11-02 03:26:26'),
(68,'53870TDR5','TOYOTA NEW YARIS 2006-2013','T/I VERDE',1,2,1,'No Mostrar',1,12000,65000,1,1,1,'','2022-10-29 02:31:18','2022-10-29 02:31:18'),
(69,'FV21609','TOYOTA COROLLA 2003-2008','T/D  VERDE',1,2,1,'No Mostrar',1,12000,65000,0,1,1,'','2022-10-29 02:32:25','2022-10-29 02:32:25'),
(70,'FV21610','TY COROLLA 2003-2008','T/I  VERDE',1,2,1,'No Mostrar',1,12000,65000,1,1,1,'','2022-10-29 02:33:24','2022-10-29 02:33:24'),
(71,'5907TDR5','TY YARIS 2014','T/I VERDE',1,2,1,'No Mostrar',1,12000,65000,2,2,1,'','2022-10-29 02:35:11','2022-10-29 02:35:11'),
(72,'32490TDR5','TY YARIS  SEDAN  1999 - 2005','T/I  VERDE',1,2,1,'No Mostrar',1,12000,65000,1,1,1,'','2022-10-29 02:36:36','2022-10-29 02:36:36'),
(73,'32490DR6','TY YARIS  SEDAN  1999 - 2005','T/D  VERDE',1,2,1,'No Mostrar',1,12000,65000,1,1,1,'','2022-10-29 02:37:22','2022-10-29 02:37:22'),
(74,'55490TDR6','TY COROLLA SEDAN 2007','T/D  VERDE',1,2,1,'No Mostrar',1,12000,65000,1,1,1,'','2022-10-29 02:38:29','2022-10-29 02:38:29'),
(75,'52810TDR8','TY YARIS  HB  2005-2010','T/D  VERDE',1,2,1,'No Mostrar',1,12000,65000,2,2,1,'','2022-10-29 02:45:21','2022-11-16 08:12:17'),
(76,'10830TDR6','TY TERCEL   95-99','T/D VERDE',1,2,1,'No Mostrar',1,12000,65000,8,8,1,'','2022-10-29 03:14:25','2022-10-29 03:24:35'),
(77,'10470TDR5','TY TERCEL  1991-1994','T/I  VERDE',1,2,1,'No Mostrar',1,12000,65000,3,4,1,'','2022-10-29 03:26:44','2022-10-29 03:26:44'),
(78,'52810TDR7','TOYOTA YARIS HB 2005','T/I   VERDE',1,2,1,'No Mostrar',1,12000,65000,2,2,1,'','2022-10-29 03:30:31','2022-10-29 03:30:31'),
(79,'20920','TY YARIS HB 95-2005','T/D  VERDE',1,2,1,'No Mostrar',1,12000,65000,1,1,1,'','2022-10-29 03:31:56','2022-10-29 03:31:56'),
(80,'A0770TDR5','TOYOTA HILLUX  2015','T/I  VERDE',1,2,1,'No Mostrar',1,12000,65000,1,1,1,'','2022-10-29 03:38:31','2022-10-29 03:38:31'),
(81,'57240TDR2','CHEVROLET SPARK 2011','D/D  VERDE',1,2,1,'No Mostrar',1,12000,65000,1,1,1,'','2022-11-02 00:45:50','2022-11-02 00:45:50'),
(82,'64110TDR2','CHEVROLET SAIL  2011 - 2015/ TIIDA 04-2012','D/D VERDE',6,2,1,'No Mostrar',1,12000,65000,7,7,1,'','2022-11-02 00:48:11','2022-11-03 02:57:13'),
(83,'64110TDR1','CHEVROLET SAIL  2011 - 2015/ TIIDA 04-2012','D/I   VERDE',1,2,1,'No Mostrar',1,12000,65000,4,4,1,'','2022-11-02 00:52:12','2022-11-02 00:52:12'),
(84,'57240TDR1','CHEVROLET SPARK 2011','D/I  VERDE',1,2,1,'No Mostrar',1,12000,65000,5,5,1,'','2022-11-02 00:56:42','2022-11-02 00:56:42'),
(85,'50500TDR5','DAEWOO NUBIRA CHEV LACETT/OPTRA  SEDAN 2002-2008','D/I',1,2,1,'No Mostrar',1,12000,65000,1,1,1,'','2022-11-02 00:59:15','2022-11-02 00:59:15'),
(86,'3272ATDR5','CORSA 4 PTAS','D/I',1,2,1,'No Mostrar',1,12000,65000,3,3,1,'','2022-11-02 01:00:41','2022-11-02 01:04:20'),
(87,'3272ATDR6','CORSA 4 PTAS','D/D   VERDE',1,2,1,'No Mostrar',1,12000,65000,2,2,1,'','2022-11-02 01:01:44','2022-11-02 01:03:15'),
(88,'26010TDR5','OPEL ASTRA SEDAN 1998- 2004','D/I  VERDE',1,2,1,'No Mostrar',1,12000,65000,1,1,1,'','2022-11-02 01:06:24','2022-11-02 01:06:24'),
(89,'01216','CHE MONZA','D/D',1,2,1,'No Mostrar',1,12000,65000,0,3,1,'','2022-11-02 01:08:56','2022-11-02 01:08:56'),
(90,'01217','CHE MONZA','D/I',1,2,1,'No Mostrar',1,12000,65000,1,3,1,'','2022-11-02 01:09:44','2022-11-02 01:09:44'),
(91,'6440TDR6','OP CORSA HB 1993-2000','D/D  VERDE',1,2,1,'No Mostrar',1,12000,65000,1,1,1,'','2022-11-02 01:13:13','2022-11-02 01:13:13'),
(92,'12610TDR5','GM PONTIAC SUNFIRE SEDAN 1995-1999','D/I',1,2,1,'No Mostrar',1,12000,65000,1,1,1,'','2022-11-02 01:15:03','2022-11-02 01:15:03'),
(93,'9669064','CH  SPARK 2009  /  DAEWOO','D/D',1,2,1,'No Mostrar',1,12000,65000,2,2,1,'','2022-11-02 01:18:08','2022-11-02 01:18:08'),
(94,'FV3739','CH LUV','D/I',1,2,1,'No Mostrar',1,12000,65000,1,2,1,'','2022-11-02 01:19:26','2022-11-02 01:19:26'),
(95,'FV3738','CHE LUV','D/D',1,2,1,'No Mostrar',1,12000,65000,1,3,1,'','2022-11-02 01:20:34','2022-11-02 01:20:34'),
(96,'50500TDR6','DAEWOO NUBIRA CHEV LACETT/OPTRA  SEDAN 2002-2008','D/D  VERDE',1,2,1,'No Mostrar',1,12000,65000,1,1,1,'','2022-11-02 01:23:26','2022-11-02 01:23:26'),
(97,'01218','ASTRA 1991- 1999','D/D',1,2,1,'No Mostrar',1,12000,65000,0,1,1,'','2022-11-02 01:27:46','2022-11-02 01:27:46'),
(98,'59710TDR3','CH VIVA MONTANA 2010','D/I  VERDE',1,2,1,'No Mostrar',1,12000,65000,1,1,1,'','2022-11-02 01:28:52','2022-11-02 01:28:52'),
(99,'26490TDR6','ELANTRA 2001-2006','T/D  VERDE',1,2,1,'No Mostrar',1,12000,65000,1,1,1,'','2022-11-02 01:30:50','2022-11-02 01:30:50'),
(100,'74790TDRG5','NEW ACCENT 2006-2013','D/I',1,2,1,'No Mostrar',1,12000,65000,2,2,1,'','2022-11-02 01:33:03','2022-11-02 01:33:03'),
(101,'74790TDR5','HYUNDAI ACCENT 2006-2013','D/D  VERDE',1,2,1,'No Mostrar',1,12000,65000,2,2,1,'','2022-11-02 01:36:39','2022-11-02 01:36:39'),
(102,'4890TDR6','HYUNDAI EXCEL   1990-1994','T/D  VERDE',1,2,1,'No Mostrar',1,12000,65000,1,1,1,'','2022-11-02 01:39:03','2022-11-02 01:39:03'),
(103,'56940TDR1','HYUNDAI I 10  2007-2013','T/I   VERDE',6,2,1,'No Mostrar',1,12000,65000,1,1,1,'','2022-11-02 01:39:57','2022-11-11 00:35:35'),
(104,'54340TDR7','SUZUKI SX4  2006-2012','T/I  VERDE',1,2,1,'No Mostrar',1,12000,65000,1,1,1,'','2022-11-02 01:40:43','2022-11-02 01:40:43'),
(105,'GT/TM0808072','HYUNDAI SONATA 2003-2005','T/I  VERDE',1,3,1,'No Mostrar',1,12000,65000,1,1,1,'','2022-11-02 01:43:10','2022-11-02 03:29:21'),
(106,'AT181107140','HYUNDAI ACCENT 1999-2006  SEDAN PRIME  VERDE','T/I',1,3,1,'No Mostrar',1,12000,65000,10,1,1,'','2022-11-02 01:44:10','2022-11-02 03:30:21'),
(107,'10920TDR6','HYUDAI ACCENT 1995-1999','T/D  VERDE',1,2,1,'No Mostrar',1,12000,65000,3,3,1,'','2022-11-02 01:45:26','2022-11-02 02:27:02'),
(108,'10920TDR5','HYUNDAI ACCENT 1999-2006  SEDAN','T/I  VERDE',1,2,1,'No Mostrar',1,12000,65000,1,1,1,'','2022-11-02 01:47:39','2022-11-02 01:47:39'),
(109,'01219','HYUNDAI   NEW - 1   2008','D/D  VERDE',1,2,1,'No Mostrar',1,12000,65000,-1,1,1,'','2022-11-02 01:52:49','2022-11-02 01:52:49'),
(110,'49760TDR6','HYUNDAI GRAN I 10  2013','T/D   VERDE',1,2,1,'No Mostrar',1,12000,65000,1,2,1,'','2022-11-02 02:13:27','2022-11-02 02:22:38'),
(111,'27240TDR6','HYUNDAI ATOS 1999-2003','D/D  VERDE',1,2,1,'No Mostrar',1,12000,65000,1,1,1,'','2022-11-02 02:20:19','2022-11-02 02:20:19'),
(112,'18980TDR2','HYUNDAI H-1 1998-2006','D/D',1,2,1,'No Mostrar',1,12000,65000,1,1,1,'','2022-11-02 02:21:37','2022-11-02 02:21:37'),
(113,'20780TDR5','HYUNDAI ELANTRA SEDAN 1996-2000','T/I  VERDE',1,2,1,'No Mostrar',1,12000,65000,1,1,1,'','2022-11-02 02:24:35','2022-11-02 02:24:35'),
(114,'20780TDR6','HYUNDAI ELANTRA SEDAN 1996-2000','T/D   VERDE',1,2,1,'No Mostrar',1,12000,65000,1,1,1,'','2022-11-02 02:25:40','2022-11-02 02:25:40'),
(115,'18980TDR1','HYUNDAI H-1  /H200  1998','D/I  VERDE',1,2,1,'No Mostrar',1,12000,65000,1,1,1,'','2022-11-02 02:28:59','2022-11-02 02:28:59'),
(116,'2518ATDR5','HYUNDAI GETZ 2002','D/I  VERDE',1,2,1,'No Mostrar',1,12000,65000,1,1,1,'','2022-11-02 02:30:08','2022-11-02 02:30:08'),
(117,'2518TDR6','HYUNDAI GETZ 2002 -2009','T/D   VERDE',1,2,1,'No Mostrar',1,12000,65000,1,1,1,'','2022-11-02 02:34:43','2022-11-02 02:34:43'),
(118,'3340TDRG5','SUZUKI SWIFT SEDAN1989-1995','T/I   VERDE',1,2,1,'No Mostrar',1,12000,65000,1,1,1,'','2022-11-02 02:36:08','2022-11-02 02:36:08'),
(119,'84050TDR8','SUZUKI CELERIO 2009','T/D   VERDE',1,2,1,'No Mostrar',1,12000,65000,2,2,1,'','2022-11-02 02:37:42','2022-11-02 02:49:11'),
(120,'53340TDR6','SUZUKI GRAN NOMADE   III GENERACION 2006-2015','T/D  VERDE',1,2,1,'No Mostrar',1,12000,65000,1,1,1,'','2022-11-02 02:40:55','2022-11-02 02:40:55'),
(121,'52570TDR6','SUIFT 2004-2010','T/D   VERDE',1,2,1,'No Mostrar',1,12000,65000,2,2,1,'','2022-11-02 02:42:26','2022-11-02 02:45:13'),
(122,'52570TDR5','SUZUKI SWIFT  HB  SEDAN 2004-2010','T/I  VERDE',1,2,1,'No Mostrar',1,12000,65000,3,3,1,'','2022-11-02 02:44:07','2022-11-02 02:44:07'),
(123,'5350TDR5','SUZUKI NEW ALTO 800 2012   HB','T/I   VERDE',1,2,1,'No Mostrar',1,12000,65000,2,2,1,'','2022-11-02 02:48:08','2022-11-02 02:51:24'),
(124,'84050TDR7','SUZUKI CELERIO 2009','T/I  VERDE',1,2,1,'No Mostrar',1,12000,65000,2,2,1,'','2022-11-02 02:50:26','2022-11-02 02:50:26'),
(125,'63840TDR6','JAC 137  2010  J-3','T/D   VERDE',1,2,1,'No Mostrar',1,12000,65000,1,1,1,'','2022-11-02 02:55:13','2022-11-02 02:55:13'),
(126,'01220','DINAMITA  96','D/I   VERDE',1,2,1,'No Mostrar',1,12000,65000,0,1,1,'','2022-11-03 00:03:54','2022-11-03 00:03:54'),
(127,'01221','HILUX 89/97','D/D  VERDE',1,2,1,'No Mostrar',1,12000,65000,0,2,1,'','2022-11-03 00:05:07','2022-11-03 00:06:09'),
(128,'01222','TOYOTA STARLET  92-99','T/D  VERDE',1,2,1,'No Mostrar',1,12000,65000,0,1,1,'','2022-11-03 00:07:31','2022-11-03 00:07:31'),
(129,'78980TDR4','SAIL 2016','T/D VERDE',6,2,1,'No Mostrar',1,12000,65000,1,1,1,'','2022-11-03 02:28:46','2022-11-03 02:28:46'),
(130,'78980TDR2','SAIL 2016','D/D  VERDE',6,2,1,'No Mostrar',1,12000,65000,1,1,1,'','2022-11-03 02:34:10','2022-11-03 02:34:10'),
(131,'AT220310328','D MAX 2004-09','D/D  VERDE',6,2,1,'No Mostrar',1,12000,65000,2,2,1,'','2022-11-03 02:35:49','2022-11-03 02:35:49'),
(132,'AT210823461','SAIL 2010','D/D  VERDE',6,3,1,'No Mostrar',1,12000,65000,2,2,1,'','2022-11-03 02:37:42','2022-11-03 02:37:42'),
(133,'FD3740TDR2','LUV C/A','D/D  VERDE',6,2,1,'No Mostrar',1,12000,65000,3,6,1,'','2022-11-03 02:38:59','2022-11-03 02:38:59'),
(134,'52430TDR4','D MAX 2004-2013','T/D  VERDE',6,2,1,'No Mostrar',1,12000,65000,1,1,1,'','2022-11-03 02:40:12','2022-11-03 02:40:12'),
(135,'DD11267TDR2','TRAVERSE 2007','D/D  VERDE',6,2,1,'No Mostrar',1,12000,65000,1,1,1,'','2022-11-03 02:43:47','2022-11-03 02:43:47'),
(136,'58370TDR2','SPARKGT 2011','D/D VERDE',6,2,1,'No Mostrar',1,12000,65000,2,2,1,'','2022-11-03 02:44:52','2022-11-03 02:44:52'),
(137,'11410TDR2','LUV 81-88','D/D  VERDE',6,2,1,'No Mostrar',1,12000,65000,1,1,1,'','2022-11-03 02:45:54','2022-11-03 02:45:54'),
(138,'FD5560TDR2','LUV S/A 1998','D/D   VERDE',6,2,1,'No Mostrar',1,12000,65000,1,3,1,'','2022-11-03 02:47:54','2022-11-03 02:47:54'),
(139,'54960TDR4','CAPTIVA 200472011','T/D  VERDE',6,2,1,'No Mostrar',1,12000,65000,1,1,1,'','2022-11-03 02:49:51','2022-11-03 02:49:51'),
(140,'54960TDR2','CAPTIVA 2006/13','D/D  VERDE',6,2,1,'No Mostrar',1,12000,65000,2,2,1,'','2022-11-03 02:50:53','2022-11-03 02:50:53'),
(141,'52430TDR2','D MAX 2004-2013','D/D VERDE',6,2,1,'No Mostrar',1,12000,65000,3,3,1,'','2022-11-03 02:52:18','2022-11-03 02:53:39'),
(142,'AT220110296','SPARK LT  2005','D/D VERDE',6,3,1,'No Mostrar',1,12000,65000,2,2,1,'','2022-11-03 02:54:57','2022-11-11 00:39:40'),
(143,'AT211004176','AVEO SEDAN 2005','D/D  VERDE',6,3,1,'No Mostrar',1,12000,65000,2,2,1,'','2022-11-03 02:56:15','2022-11-11 00:40:18'),
(144,'50500TDR4','DAEWOO NUBIRA CHEV LACETT/OPTRA  SEDAN 2002-2008','T/D  VERDE',6,2,1,'No Mostrar',1,12000,65000,1,1,1,'','2022-11-03 02:59:23','2022-11-03 02:59:23'),
(145,'57240TDR2','SPARK LT 2011','D/D  VERDE',6,2,1,'No Mostrar',1,12000,65000,1,1,1,'','2022-11-03 03:01:51','2022-11-03 03:01:51'),
(146,'59360TDR2','D MAX 2014','D/D  VERDE',6,2,1,'No Mostrar',1,12000,65000,3,3,1,'','2022-11-03 03:03:49','2022-11-03 03:03:49'),
(147,'28170TDR4','AVEO SEDAN 2004 - 06','T/D  VERDE',6,2,1,'No Mostrar',1,12000,65000,2,2,1,'','2022-11-03 03:08:21','2022-11-03 03:08:21'),
(148,'59360TDR4','D MAX 2014','T/D  PRIVACE',6,2,1,'No Mostrar',1,12000,65000,2,2,1,'','2022-11-03 03:10:06','2022-11-03 03:10:06'),
(149,'59360TDR4','D MAX 2014','T/D  VERDE',6,2,1,'No Mostrar',1,12000,65000,3,4,1,'','2022-11-03 03:11:15','2022-11-03 03:11:15'),
(150,'AT181005030','AVEO HB 2003','T/D',6,2,1,'No Mostrar',1,12000,65000,1,1,1,'','2022-11-03 03:12:56','2022-11-03 03:12:56'),
(151,'51370TDR2','SPARK LT 2011','D/D  VERDE',6,2,1,'No Mostrar',1,12000,65000,4,4,1,'','2022-11-03 03:14:11','2022-11-07 01:37:21'),
(152,'57240TDR2','SPARK LT 2011','T/D  VERDE',6,2,1,'No Mostrar',1,12000,65000,1,1,1,'','2022-11-03 03:15:39','2022-11-11 00:41:40'),
(153,'AT220522338','SPARK  LT  2015','D/I  VERDE',6,3,1,'No Mostrar',1,12000,65000,2,2,1,'','2022-11-03 03:20:53','2022-11-11 00:42:03'),
(154,'54390TDR3','AVEO SEDAN 2007','T/I   VERDE',6,2,1,'No Mostrar',1,12000,65000,2,2,1,'','2022-11-03 03:22:57','2022-11-03 03:22:57'),
(155,'AT22430','D MAX 2004-2013','T/I  VERDE',6,3,1,'No Mostrar',1,12000,65000,1,1,1,'','2022-11-03 03:24:24','2022-11-11 00:42:49'),
(156,'59360TDR3','D MAX 2014','T/I  VERDE',6,2,1,'No Mostrar',1,12000,65000,1,1,1,'','2022-11-03 03:25:31','2022-11-03 03:25:31'),
(157,'64110TDR5','CHEVROLET SAIL  2011 - 2015/ TIIDA 04-2012','T/I VERDE',6,2,1,'No Mostrar',1,12000,65000,1,1,1,'','2022-11-03 03:26:32','2022-11-03 03:26:32'),
(158,'52430TDR3','D MAX 2004-2013','D/I  VERDE',6,2,1,'No Mostrar',1,12000,65000,2,2,1,'','2022-11-03 03:27:57','2022-11-03 03:27:57'),
(159,'59360TDR3','D MAX 2015','D/I PRIVACE',6,2,1,'No Mostrar',1,12000,65000,2,2,1,'','2022-11-03 03:29:19','2022-11-11 00:43:30'),
(160,'AT210816300','SAIL  2010','D/I  VERDE',6,3,1,'No Mostrar',1,12000,65000,2,2,1,'','2022-11-03 03:30:18','2022-11-11 00:44:04'),
(161,'54390TDR2','AVEO SEDAN 2004 - 06','D/I  2004 VERDE',6,2,1,'No Mostrar',1,12000,65000,1,1,1,'','2022-11-03 03:31:53','2022-11-11 00:44:36'),
(162,'43050TDR3','N300 2011','D/I  VERDE',6,2,1,'No Mostrar',1,12000,65000,2,2,1,'','2022-11-03 03:33:30','2022-11-11 00:45:08'),
(163,'59360TDR3','D MAX 2015','T/I VERDE  PRIVACE',6,2,1,'No Mostrar',1,12000,65000,2,2,1,'','2022-11-03 03:35:27','2022-11-03 08:56:20'),
(164,'59360TDR3','D MAX 2015','T/I  PRIVACE',6,2,1,'No Mostrar',1,12000,65000,1,1,1,'','2022-11-03 03:37:23','2022-11-11 00:45:41'),
(165,'11410TDR3','LUV 81-88','T/I VERDE',6,2,1,'No Mostrar',1,12000,65000,1,1,1,'','2022-11-03 03:38:25','2022-11-03 03:38:25'),
(166,'10499TDR3','COLORADO  2013','D/I  VERDE',6,2,1,'No Mostrar',1,12000,65000,1,1,1,'','2022-11-03 03:39:35','2022-11-03 03:39:35'),
(167,'GT7ST150110028','GEMINIS 88-92','D/I  VERDE',6,3,1,'No Mostrar',1,12000,65000,1,1,1,'','2022-11-03 03:43:58','2022-11-11 00:46:12'),
(168,'FD5561','CHEV LUV  S/A','D/I VERDE',6,2,1,'No Mostrar',1,12000,65000,1,1,1,'','2022-11-03 07:22:20','2022-11-03 07:22:20'),
(169,'AT210816269','D MAX 2004-2013','T/I  VERDE',6,3,1,'No Mostrar',1,12000,65000,3,3,1,'','2022-11-03 07:23:53','2022-11-11 00:46:48'),
(170,'AT2105517387','LUV C/A  89','D/I   VERDE',6,3,1,'No Mostrar',1,12000,65000,2,2,1,'','2022-11-03 07:25:48','2022-11-11 00:47:19'),
(171,'50500TDR3','OPTRA 2002-08','T/I  VERDE',6,2,1,'No Mostrar',1,12000,65000,1,1,1,'','2022-11-03 07:46:39','2022-11-11 00:47:42'),
(172,'07889TDR3','LUV  90-2003','T7I   VERDE',6,2,1,'No Mostrar',1,120000,65000,3,3,1,'','2022-11-03 08:52:40','2022-11-03 08:52:40'),
(173,'28170TDR1','AVEO SEDAN 2007','D/I  VERDE',6,2,1,'No Mostrar',1,12000,65000,3,3,1,'','2022-11-03 08:54:00','2022-11-03 08:54:00'),
(174,'59360TDR5','D MAX 2015','D/I  VERDE',6,2,1,'No Mostrar',1,12000,65000,3,3,1,'','2022-11-03 08:58:30','2022-11-03 08:58:30'),
(175,'210306136','AVEO 3 PTAS 2007','D/I  VERDE',6,3,1,'No Mostrar',1,12000,65000,2,2,1,'','2022-11-03 08:59:33','2022-11-11 00:48:39'),
(176,'FD3741','LUV C/A','D/I  VERDE',6,2,1,'No Mostrar',1,12000,65000,1,1,1,'','2022-11-03 09:02:32','2022-11-03 09:02:32'),
(177,'78980TDR1','SAIL 2015','D/I  VERDE',6,2,1,'No Mostrar',1,12000,65000,1,1,1,'','2022-11-03 09:03:50','2022-11-03 09:03:50'),
(178,'58370TDR3','SPARK GT 2010','D/I  VERDE',6,2,1,'No Mostrar',1,12000,65000,3,3,1,'','2022-11-03 09:15:59','2022-11-03 09:15:59'),
(179,'54960TDR3','CAPTIVA 2006-11','T/I   VERDE',6,2,1,'No Mostrar',1,12000,65000,1,1,1,'','2022-11-03 09:17:10','2022-11-03 09:17:10'),
(180,'58370TDR5','SPARK GT 2010','T/I  VERDE',6,2,1,'No Mostrar',1,12000,65000,3,3,1,'','2022-11-04 00:39:29','2022-11-04 00:39:29'),
(181,'57340TDR3','SPARK LT  2005','T/I  VERDE',6,2,1,'No Mostrar',1,12000,65000,3,3,1,'','2022-11-04 00:40:47','2022-11-11 00:49:44'),
(182,'20820TDR3','SPARK MATIZ 2008-13','T/I VERDE',6,2,1,'No Mostrar',1,12000,65000,1,1,1,'','2022-11-04 00:41:58','2022-11-11 00:50:48'),
(183,'28170','AVEO SEDAN 2005','T/I VERDE',6,2,1,'No Mostrar',1,12000,65000,1,1,1,'','2022-11-04 00:43:30','2022-11-04 00:43:30'),
(184,'F94V','HYUNDAI EXCEL   1990-1999','T/D  VERDE',6,2,1,'No Mostrar',1,12000,65000,1,1,1,'','2022-11-04 01:58:16','2022-11-04 01:58:16'),
(185,'10920TDR2','HYUNDAI ACCENT 1995-1999','T/D  VERDE',6,2,1,'No Mostrar',1,12000,65000,2,2,1,'','2022-11-04 02:00:08','2022-11-10 06:37:40'),
(186,'54650','NEW ACCENT 2006-2013','T/D  VERDE',6,2,1,'No Mostrar',1,12000,65000,3,3,1,'','2022-11-04 02:02:08','2022-11-04 02:02:08'),
(187,'4493TDR2','ELANTRA SEDAN 90-94','D/D  VERDE',6,2,1,'No Mostrar',1,12000,65000,1,1,1,'','2022-11-04 02:03:32','2022-11-04 02:03:32'),
(188,'23033TDR2','HYUNDAI ACCENT 2005-2013','D/D  VERDE',6,2,1,'No Mostrar',1,12000,65000,6,6,1,'','2022-11-04 02:04:36','2022-11-04 02:04:36'),
(189,'87860','SANTA FE 2012','D/D  VERDE',6,2,1,'No Mostrar',1,12000,65000,1,1,1,'','2022-11-04 03:35:57','2022-11-04 03:35:57'),
(190,'5789TDR2','TUCSON 2010','D/D   VERDE',6,2,1,'No Mostrar',1,12000,65000,1,1,1,'','2022-11-04 03:36:55','2022-11-11 00:53:20'),
(191,'23071TDR2','SANTA FE  2007- 2012','D/D  VERDE',6,2,1,'No Mostrar',1,12000,65000,3,3,1,'','2022-11-04 03:38:34','2022-11-11 00:53:45'),
(192,'26530TDR2','ACCENT PRIME 2000-2005','D/D  VERDE',6,2,1,'No Mostrar',1,12000,65000,1,1,1,'','2022-11-04 03:39:42','2022-11-11 00:36:56'),
(193,'10920TDR4','HYUDAI ACCENT  HB 1995-1999','D/D  VERDE',6,2,1,'No Mostrar',1,12000,65000,1,1,1,'','2022-11-04 07:53:04','2022-11-11 00:54:20'),
(194,'13590TDR4','HYUNDAI H-1  /H200  1998','D/D  VERDE',6,2,1,'No Mostrar',1,12000,65000,3,3,1,'','2022-11-04 07:54:26','2022-11-11 00:54:58'),
(195,'26530TDR4','ACCENT PRIME 2000-2005  SEDAN','T/D    VERDE',6,2,1,'No Mostrar',1,12000,25000,1,1,1,'','2022-11-04 07:56:24','2022-11-11 00:55:30'),
(196,'0870TRD4','TUCSON 2015','D/D  VERDE',6,2,1,'No Mostrar',1,12000,65000,0,1,1,'','2022-11-04 07:57:14','2022-11-11 00:56:01'),
(197,'27717TDR4','ACCENT 2018 SEDAN','D/D  VERDE',6,2,1,'No Mostrar',1,12000,65000,1,1,1,'','2022-11-04 07:58:10','2022-11-11 00:56:49'),
(198,'86510TDR4','ACCENT RB 2011 HB VERDE','T/D  VERDE',6,2,1,'No Mostrar',1,12000,650000,1,1,1,'','2022-11-07 01:28:11','2022-11-11 00:38:06'),
(199,'54650TDR4','NEW ACCENT 2006-2013','T/D  VERDE',6,2,1,'No Mostrar',1,12000,65000,2,2,1,'','2022-11-07 01:29:26','2022-11-11 01:04:34'),
(200,'86510TDR4','ACCENT RB 2011','D/D  VERDE',6,2,1,'No Mostrar',1,12000,65000,1,1,1,'','2022-11-07 01:30:51','2022-11-11 01:05:09'),
(201,'211004181','ACCENT RB 2011 HB VERDE','D/D  VERDE',6,3,1,'No Mostrar',1,12000,65000,1,1,1,'','2022-11-07 01:31:50','2022-11-11 01:05:35'),
(202,'191217172','NEW ACCENT 2006-2013','T/D  VERDE',6,3,1,'No Mostrar',1,12000,65000,1,1,1,'','2022-11-07 01:32:55','2022-11-11 01:06:11'),
(203,'50690TDR4','GETZ 5 PTAS 02-09','D/D  VERDE',6,2,1,'No Mostrar',1,12000,65000,1,1,1,'','2022-11-07 01:34:12','2022-11-11 01:06:37'),
(204,'87860TDR4','SANTA FE 2012','T/D VERDE',6,2,1,'No Mostrar',1,12000,65000,1,1,1,'','2022-11-07 01:35:04','2022-11-11 01:07:40'),
(205,'23073TDR4','SANTA FE  2006- 2012','T/D PRIVACE',6,2,1,'No Mostrar',1,12000,65000,1,1,1,'','2022-11-09 02:19:55','2022-11-09 02:19:55'),
(206,'2110041710','NEW H-1 2007','D/D VERDE',6,3,1,'No Mostrar',1,12000,65000,3,3,1,'','2022-11-09 02:20:57','2022-11-11 01:07:17'),
(207,'210914144','NEW H-100  2004','D/D  VERDE',6,2,1,'No Mostrar',1,12000,65000,3,3,1,'','2022-11-09 02:23:20','2022-11-09 02:23:20'),
(208,'13590TDR4','H-100  1998-2003','D/D   VERDE',6,2,1,'No Mostrar',1,12000,65000,1,1,1,'','2022-11-09 02:25:20','2022-11-09 02:25:20'),
(209,'10920TDR1','HYUDAI ACCENT 1995-1999','D/I VERDE',6,2,1,'No Mostrar',1,12000,65000,2,2,1,'','2022-11-09 02:34:27','2022-11-09 02:34:27'),
(210,'210510175','ACCENT PRIME 2003','D/I  VERDE',6,3,1,'No Mostrar',1,12000,65000,4,4,1,'','2022-11-09 06:24:29','2022-11-11 01:11:06'),
(211,'86510TDR1','ACCENT RB 2011 HB','D/I  VERDE',6,2,1,'No Mostrar',1,12000,65000,3,3,1,'','2022-11-09 06:25:36','2022-11-11 01:11:37'),
(212,'27240TDR5','HYUNDAI ATOS 1999-2003','D/I  VERDE',6,2,1,'No Mostrar',1,12000,65000,1,1,1,'','2022-11-09 06:26:43','2022-11-09 06:26:43'),
(213,'49760TDR5','HYUNDAI GRAN I 10  2013','D/I  VERDE',6,2,1,'No Mostrar',1,12000,65000,1,1,1,'','2022-11-09 06:32:52','2022-11-09 06:32:52'),
(214,'87860TDR1','SANTA FE 2013','D/I VERDE',6,2,1,'No Mostrar',1,12000,65000,2,2,1,'','2022-11-09 06:33:44','2022-11-09 06:33:44'),
(215,'0870TDR1','TUCSON 2015','D/I VERDE',6,2,1,'No Mostrar',1,12000,65000,0,1,1,'','2022-11-09 06:34:39','2022-11-09 06:34:39'),
(216,'23072TDR1','SANTA FE 2001-12','D/I VERDE',6,2,1,'No Mostrar',1,12000,65000,4,4,1,'','2022-11-09 06:36:25','2022-11-09 06:36:25'),
(217,'23034TDR1','ACCENT SEDAN 2006-11','D/I VERDE',6,2,1,'No Mostrar',1,12000,65000,1,1,1,'','2022-11-09 06:37:34','2022-11-09 06:37:34'),
(218,'0879TDR1','H-100 PORTER 1986-1995','T/I  VERDE',6,2,1,'No Mostrar',1,12000,65000,0,1,1,'','2022-11-09 06:38:48','2022-11-09 06:38:48'),
(219,'10920TDR1','HYUNDAI ACCENT 1999-2006  SEDAN PRIME  VERDE','T/I VERDE',6,2,1,'No Mostrar',1,12000,65000,3,3,1,'','2022-11-09 06:39:56','2022-11-09 06:39:56'),
(220,'26490TDR5','HYUNDAI ELANTRA SEDAN 1996-2000','T/I  VERDE',6,3,1,'No Mostrar',1,12000,65000,1,1,1,'','2022-11-09 06:40:54','2022-11-09 06:42:02'),
(221,'5465TDR1','NEW ACCENT 2006-2013','T/I VERDE',6,2,1,'No Mostrar',1,12000,65000,2,2,1,'','2022-11-09 06:44:28','2022-11-09 06:44:28'),
(222,'26530TDR1','ACCENT PRIME 2000-2005','T/I VERDE',6,2,1,'No Mostrar',1,12000,65000,1,1,1,'','2022-11-09 06:45:37','2022-11-09 06:45:37'),
(223,'20780TDR5','HYUNDAI ELANTRA SEDAN 1996-2000','T/I  VERDE',6,2,1,'No Mostrar',1,12000,65000,1,1,1,'','2022-11-09 06:46:35','2022-11-09 06:46:35'),
(224,'23073TDR1','SANTA FE 2007-12','T/I PRIVACE',6,2,1,'No Mostrar',1,12000,65000,1,1,1,'','2022-11-09 06:48:04','2022-11-09 06:48:04'),
(225,'49760TDR5','HYUNDAI GRAN I 10  2013','T/I VERDE',6,2,1,'No Mostrar',1,12000,65000,1,1,1,'','2022-11-09 06:48:54','2022-11-09 06:48:54'),
(226,'86510TDR1','ACCENT RB 2011 HB SEDAN','T/I  VERDE',6,2,1,'No Mostrar',1,12000,65000,1,1,1,'','2022-11-09 06:50:49','2022-11-09 06:50:49'),
(227,'87860TDR1','SANTA FE 2012','T/I VERDE',6,2,1,'No Mostrar',1,12000,65000,1,1,1,'','2022-11-09 06:51:35','2022-11-09 06:51:35'),
(228,'211004174','NEW H-1 2007','D/I   VERDE',6,2,1,'No Mostrar',1,12000,65000,3,3,1,'','2022-11-09 06:52:41','2022-11-09 06:53:53'),
(229,'211213290','NEW H-100   PORTER   2004','D/I   VERDE',6,2,1,'No Mostrar',1,12000,65000,5,5,1,'','2022-11-09 06:55:36','2022-11-09 06:55:36'),
(230,'13590TDR1','H-100  1998-2003','D/D',6,2,1,'No Mostrar',1,12000,65000,2,2,1,'','2022-11-09 06:56:40','2022-11-09 06:56:40'),
(231,'18980TDR1','H-1 1998-06','D/I   VERDE',6,2,1,'No Mostrar',1,12000,65000,1,1,1,'','2022-11-09 06:57:29','2022-11-09 06:57:29'),
(232,'5598TDR1','NEW H-1 2007','IZQUIERDO, VERDE , CON DEFROSTER',7,2,1,'No Mostrar',1,12000,65000,1,1,1,'','2022-11-09 06:59:28','2022-11-09 07:01:56'),
(233,'5598TDR2','NEW H-1 2007','DERECHO, VERDE, CON DEFROSTER',7,2,1,'No Mostrar',1,12000,65000,1,1,1,'','2022-11-09 07:00:31','2022-11-09 07:02:14'),
(234,'55980TDR5','NEW H-1 2007','MEDIO , IZQUIERDO, CON PERFORACION',5,2,1,'No Mostrar',1,12000,65000,1,1,1,'','2022-11-09 07:04:07','2022-11-09 07:04:07'),
(235,'5598TDR6','NEW H-1 2007','MEDIO, DERECHO VERDE CON PERFORACION',5,2,1,'No Mostrar',1,12000,65000,1,1,1,'','2022-11-09 07:05:08','2022-11-09 07:05:08'),
(236,'0703123','DODGE CARAVAN 1990-1995','DERECHO .VERDE CON PERFORACION',5,2,1,'No Mostrar',1,12000,65000,1,1,1,'','2022-11-09 07:12:14','2022-11-09 07:12:14'),
(237,'2420\'TDR4','EXPERT 2017','MEDIO, DERECHO',5,2,1,'No Mostrar',1,12000,65000,1,1,1,'','2022-11-09 07:14:05','2022-11-09 07:14:05'),
(238,'2420TDR3','EXPERT 2017','MEDIO, IZQUIERDO',5,2,1,'No Mostrar',1,12000,65000,1,1,1,'','2022-11-09 07:15:28','2022-11-09 07:15:28'),
(239,'25070TDR1','H-1 1998-06','DERECHO ,ULTIMO CON PERFORACION',5,2,1,'No Mostrar',1,12000,65000,1,1,1,'','2022-11-09 07:17:18','2022-11-09 07:17:18'),
(240,'5171TDR6','MERCEDES VITTO  2003','DERECHO , MEDIO',5,2,1,'No Mostrar',1,12000,65000,1,1,1,'','2022-11-09 07:19:15','2022-11-09 07:19:15'),
(241,'55980TDR5','NEW H-1 2008','IZQUIERDO , ULTIMO VERDE',5,2,1,'No Mostrar',1,12000,650001,1,1,1,'','2022-11-09 07:20:22','2022-11-09 07:20:22'),
(242,'1898TDR6','H-1 JAC-REFINE 1998-2007','ULTIMO , DERECHO',5,2,1,'No Mostrar',1,12000,65000,0,1,1,'','2022-11-09 07:23:21','2022-11-09 07:23:21'),
(243,'25070TDR5','HYUNDAI H-1 1998-2006','ULTIMO, IZQUIERDO , VERDE',5,2,1,'No Mostrar',1,12000,65000,1,1,1,'','2022-11-09 07:24:42','2022-11-09 07:24:42'),
(244,'58370TDR6','SPARK GT','D/D  VERDE',1,2,1,'No Mostrar',1,12000,65000,1,1,1,'','2022-11-09 07:26:35','2022-11-09 07:26:35'),
(245,'FV25116','HONDA CIVIC SEDAN 2013','T/D  PRIVACE',1,2,1,'No Mostrar',1,12000,65000,1,1,1,'','2022-11-09 07:28:05','2022-11-09 07:28:05'),
(246,'10920TDR1','ACCENT 1995 1999','D/I  VERDE',6,2,1,'No Mostrar',1,12000,65000,2,2,1,'','2022-11-10 06:36:17','2022-11-11 01:16:48'),
(247,'87960TDR2','Yaris 2014','D/D VERDE',1,2,1,'No Mostrar',1,12000,65000,3,3,1,'','2022-11-10 06:38:50','2022-11-10 06:38:50'),
(248,'10470TDR2','TERCEL  1994-1996','D/D VERDE',6,2,1,'No Mostrar',1,12000,65000,3,3,1,'','2022-11-10 06:40:39','2022-11-10 06:40:39'),
(249,'76210TDR2','RAV 4 2013-2018','D/D VERDE',6,2,1,'No Mostrar',1,12000,65000,1,1,1,'','2022-11-10 06:47:22','2022-11-10 06:47:22'),
(250,'10830TDR2','NEW TERCEL 1995-99','D/D VERDE',6,2,1,'No Mostrar',1,12000,65000,2,2,1,'','2022-11-10 06:54:29','2022-11-10 06:54:29'),
(251,'4089TDR2','HILLUX 1989-1995','D/D  VERDE',6,2,1,'No Mostrar',1,12000,65000,1,1,1,'','2022-11-10 06:55:35','2022-11-10 06:55:35'),
(252,'A0770TDR2','HILLUX 2015','D/D VERDE',6,2,1,'No Mostrar',1,12000,65000,2,2,1,'','2022-11-10 06:56:30','2022-11-10 07:31:18'),
(253,'IVS001','HILLUX 1998','D/D VERDE',6,2,1,'No Mostrar',1,12000,65000,1,1,1,'','2022-11-10 06:58:05','2022-11-10 06:58:05'),
(254,'16370TDR2','1989-1991 S/A','D/D VERDE',6,2,1,'No Mostrar',1,12000,65000,1,1,1,'','2022-11-10 06:59:14','2022-11-10 06:59:14'),
(255,'00680TDR2','COROLLA XL 1987-1991','D/D  VERDE',6,2,1,'No Mostrar',1,12000,65000,2,2,1,'','2022-11-10 07:01:46','2022-11-10 07:01:46'),
(256,'29940TDR2','4RUNNER 2002','D/D VERDE',6,2,1,'No Mostrar',1,12000,65000,1,1,1,'','2022-11-10 07:11:56','2022-11-10 07:11:56'),
(257,'20920TDR2','YARIS SEDAN 1998-2005','D/D  VERDE',6,2,1,'No Mostrar',1,12000,65000,2,2,1,'','2022-11-10 07:15:58','2022-11-10 07:15:58'),
(258,'20920TDR2','YARIS SPORT 3 PUERTAS  1998-2005','D/D VERDE',6,2,1,'No Mostrar',1,12000,65000,1,1,1,'','2022-11-10 07:17:02','2022-11-10 07:17:02'),
(259,'21147','RAV 4 1999','D/D  VERDE',6,2,1,'No Mostrar',1,12000,65000,1,1,1,'','2022-11-10 07:18:12','2022-11-10 07:18:12'),
(260,'5242TDR2','HILLUX  2005','D/D  VERDE',6,2,1,'No Mostrar',1,12000,65000,6,6,1,'','2022-11-10 07:19:04','2022-11-10 07:19:04'),
(261,'87960TDR2','YARIS 2014-2018','D/D  VERDE',6,2,1,'No Mostrar',1,12000,65000,1,1,1,'','2022-11-10 07:20:03','2022-11-10 07:20:03'),
(262,'16370TDR2','HILLUX 1989-1991','D/D  VERDE',6,2,1,'No Mostrar',1,12000,65000,1,1,1,'','2022-11-10 07:21:09','2022-11-10 07:21:09'),
(263,'53870TDR2','NEW YARIS 2006-2013','D/D  VERDE',6,2,1,'No Mostrar',1,12000,65000,4,4,1,'','2022-11-10 07:22:42','2022-11-10 07:22:42'),
(264,'21605TDR2','COROLLA TDR2 2000-2008','D/D VERDE',6,2,1,'No Mostrar',1,12000,65000,1,1,1,'','2022-11-10 07:24:04','2022-11-10 07:24:04'),
(265,'191217122','RAV 4 2006','D/D  VERDE',6,2,1,'No Mostrar',1,12000,65000,1,1,1,'','2022-11-10 07:24:57','2022-11-10 07:24:57'),
(266,'51760TDR2','HIACE 2004','D/D VERDE',6,2,1,'No Mostrar',1,12000,65000,1,1,1,'','2022-11-10 07:25:53','2022-11-10 07:25:53'),
(267,'48270TDR1','NEW YARIS 2006-2013','T/D',6,2,1,'No Mostrar',1,12000,65000,1,1,1,'','2022-11-10 07:26:59','2022-11-10 07:26:59'),
(268,'32490TDR1','YARIS  ECO 1998-2005','T/D VERDE',6,2,1,'No Mostrar',1,12000,65000,2,2,1,'','2022-11-10 07:28:04','2022-11-10 07:28:04'),
(269,'10830TDR2','NEW TERCEL  1995-1999','T/D VERDE',6,2,1,'No Mostrar',1,12000,65000,1,1,1,'','2022-11-10 07:29:43','2022-11-10 07:29:43'),
(270,'18960TDR2','HILLUX 1997 DINAMITA 4 PTAS','T/D VERDE',6,2,1,'No Mostrar',1,12000,65000,1,1,1,'','2022-11-10 07:33:49','2022-11-10 07:33:49'),
(271,'A0770TDR2','HILLUX 2015','T/D VERDE',6,2,1,'No Mostrar',1,12000,65000,2,2,1,'','2022-11-10 07:35:19','2022-11-10 07:35:19'),
(272,'53870TDR2','YARIS SEDAN 2005-2010','T/D VERDE',6,2,1,'No Mostrar',1,12000,65000,1,1,1,'','2022-11-10 07:36:26','2022-11-10 07:36:26'),
(273,'10470TDR2','TERCEL 1990-1994','T/D  VERDE',6,2,1,'No Mostrar',1,12000,65000,2,2,1,'','2022-11-10 07:37:38','2022-11-10 07:37:38'),
(274,'AT220110291','HILLUX 2004','T/D  VERDE',6,2,1,'No Mostrar',1,12000,65000,1,1,1,'','2022-11-10 07:38:28','2022-11-10 07:38:28'),
(275,'52810TDR2','NEW YARIS 2006-2013','T/D VERDE',6,2,1,'No Mostrar',1,12000,65000,1,1,1,'','2022-11-10 07:39:24','2022-11-10 07:39:24'),
(276,'20920TDR2','YARIS ECO SPORT 1999-2005','T/D  VERDE',6,2,1,'No Mostrar',1,12000,65000,2,2,1,'','2022-11-10 07:41:03','2022-11-10 07:41:03'),
(277,'10380TDR2','NEW TERCEL  1995-1999','T/D VERDE',6,2,1,'No Mostrar',1,12000,65000,2,2,1,'','2022-11-10 07:42:18','2022-11-10 07:42:18'),
(278,'53870TDR2','NEW YARIS 2006-2013','T/D VERDE',6,2,1,'No Mostrar',1,12000,65000,1,1,1,'','2022-11-10 07:43:37','2022-11-10 07:43:37'),
(279,'56940TDR4','HYUNDAI I 10 2008','T/D VERDE',6,2,1,'No Mostrar',1,12000,65000,1,1,1,'','2022-11-11 00:24:00','2022-11-11 00:24:00'),
(280,'57250tdr3','PEUGEOT BOXER 2007','D/I  VERDE',6,2,1,'No Mostrar',1,12000,65000,1,1,1,'','2022-11-11 06:38:23','2022-11-11 06:38:23'),
(281,'02020','MITSUBUSHI PAJERO 1999','T/D  VERDE',6,2,1,'No Mostrar',1,12000,65000,1,1,1,'','2022-11-15 03:20:45','2022-11-15 03:20:45'),
(282,'54270TDR4','L 200  2006','T/D PRIVACE',6,2,1,'No Mostrar',1,12000,65000,2,2,1,'','2022-11-15 03:23:29','2022-11-15 03:23:29'),
(283,'2396TDR4','L 200 1996 - 2004','T/D  VERDE',6,2,1,'No Mostrar',1,12000,65000,2,2,1,'','2022-11-15 03:25:37','2022-11-15 03:27:33'),
(284,'54270TDR4','L 200  2006','T/D  VERDE',6,2,1,'No Mostrar',1,12000,65000,5,5,1,'','2022-11-15 03:32:06','2022-11-15 03:32:06'),
(285,'54270TDR4','L 200  2006','T/D PRIVACE',6,2,1,'No Mostrar',1,12000,65000,2,2,1,'','2022-11-15 03:33:11','2022-11-15 03:33:11'),
(286,'A760TDR4','L 200 2015','T/D  VERDE',6,2,1,'No Mostrar',1,12000,65000,3,3,1,'','2022-11-15 03:35:03','2022-11-15 03:35:03'),
(287,'01940TDR4','L 300  86-94','T/D  VERDE',6,2,1,'No Mostrar',1,12000,65000,1,2,1,'','2022-11-15 03:36:12','2022-11-15 03:36:12'),
(288,'18380TDR2','PAJERO 1995-1998','D/D  VERDE',6,2,1,'No Mostrar',1,12000,65000,1,1,1,'','2022-11-15 03:37:31','2022-11-15 03:37:31'),
(289,'54270TDR2','L 200  2006','D/D  VERDE',6,2,1,'No Mostrar',1,12000,65000,6,6,1,'','2022-11-15 03:38:25','2022-11-15 03:38:25'),
(290,'A0760TDR2','L 200 2015','D/D  VERDE',6,2,1,'No Mostrar',1,12000,65000,4,4,1,'','2022-11-15 03:39:44','2022-11-15 03:39:44'),
(291,'130320033TDR2','L 200 1987-1997','D/D VERDE',6,2,1,'No Mostrar',1,12000,65000,1,1,1,'','2022-11-15 03:45:24','2022-11-15 03:45:24'),
(292,'0202TDR2','MONTERO SPORT 3 Y 5 PTAS','D/D  VERDE',6,2,1,'No Mostrar',1,12000,65000,-3,1,1,'','2022-11-15 03:47:32','2022-11-15 03:47:32'),
(293,'A0760TDR3','L 200 2015','T/I  VERDE',6,2,1,'No Mostrar',1,12000,65000,1,1,1,'','2022-11-15 06:04:12','2022-11-15 06:18:39'),
(294,'A0760TDR3','L 200 2015','T/I VERDE',6,2,1,'No Mostrar',1,12000,65000,2,2,1,'','2022-11-15 06:07:20','2022-11-15 06:20:07'),
(295,'54270TDR3','L 200  2006','T/I  PRIVACE',6,2,1,'No Mostrar',1,12000,65000,1,1,1,'','2022-11-15 06:09:43','2022-11-15 06:09:43'),
(296,'54270TDR3','L 200  2006','T/I VERDE',6,2,1,'No Mostrar',1,12000,65000,11,11,1,'','2022-11-15 06:21:22','2022-11-15 06:21:22'),
(297,'A0760TDR3','L 200 2015','T/I VERDE',6,2,1,'No Mostrar',1,12000,65000,2,2,1,'','2022-11-15 06:24:28','2022-11-15 06:24:28'),
(298,'A0760TDR1','L 200 2015','D/I VERDE',6,2,1,'No Mostrar',1,12000,65000,4,4,1,'','2022-11-15 06:25:46','2022-11-23 03:14:08'),
(299,'23960TRD1','L 200 99-2005','D/I  VERDE',6,2,1,'No Mostrar',1,12000,65000,3,3,1,'','2022-11-15 06:26:47','2022-11-15 06:26:47'),
(300,'2200110295TDR1','L 200  2006','D/I VERDE',6,2,1,'No Mostrar',1,12000,65000,3,3,1,'','2022-11-15 06:34:40','2022-11-15 06:34:40'),
(301,'24660TDR4','RIO 4 SEDAN 2000-05','T/D  VERDE',6,2,1,'No Mostrar',1,12000,65000,1,1,1,'','2022-11-15 06:38:11','2022-11-15 06:38:11'),
(302,'59660TDR4','RIOS HB 2011-2017','T/D  VERDE',6,2,1,'No Mostrar',1,12000,65000,3,3,1,'','2022-11-15 06:39:27','2022-11-15 06:41:42'),
(303,'0410TDR4','KIA SOUL 2014','T/D  VERDE',6,2,1,'No Mostrar',1,12000,65000,-3,1,1,'','2022-11-15 06:43:07','2022-11-15 06:43:07'),
(304,'58970TDR4','KIA MORNING 2011','T/D  VERDE',6,2,1,'No Mostrar',1,12000,65000,1,1,1,'','2022-11-15 06:44:06','2022-11-15 06:44:06'),
(305,'63500TDR4','SPORTAGE 2004-2010','T/D VERDE',6,2,1,'No Mostrar',1,12000,65000,2,2,1,'','2022-11-15 06:44:42','2022-11-15 06:44:42'),
(306,'5398TDR4','KIA RIO JB SEDAN 2006','T/D  VERDE',6,2,1,'No Mostrar',1,12000,65000,1,1,1,'','2022-11-15 06:46:19','2022-11-15 06:46:19'),
(307,'24477TDR4','SORENTO 2011','T/D  PRIVACE',6,2,1,'No Mostrar',1,12000,65000,1,1,1,'','2022-11-15 06:47:32','2022-11-15 06:47:32'),
(308,'59660TDR2','KIA RIO  4  2012 SEDAN','D/D VERDE',6,2,1,'No Mostrar',1,12000,65000,1,1,1,'','2022-11-15 06:48:14','2022-11-15 06:48:14'),
(309,'1960TDR2','KIA RIO 5 2017','D/D VERDE',6,2,1,'No Mostrar',1,12000,65000,1,3,1,'','2022-11-15 06:49:24','2022-11-15 06:49:24'),
(310,'220228469TDR2','KIA BESTA ULTRA 96','D/D VERDE',6,2,1,'No Mostrar',1,12000,65000,4,4,1,'','2022-11-15 06:50:12','2022-11-15 06:50:12'),
(311,'51380TDR2','MORNING 2004 2010','D/D  VERDE',6,2,1,'No Mostrar',1,12000,65000,1,1,1,'','2022-11-15 06:51:07','2022-11-15 06:51:07'),
(312,'211213140TDR2','MORNING 2012','D/D VERDE',6,2,1,'No Mostrar',1,12000,65000,1,1,1,'','2022-11-15 06:54:23','2022-11-15 06:54:23'),
(313,'51390TDR2','CERATO 2004 - 2009','D/D  VERDE',6,2,1,'No Mostrar',1,12000,65000,2,2,1,'','2022-11-15 06:55:14','2022-11-15 06:59:17'),
(314,'63500TDR2','SPORTAGE 2004-2010','D/D  VERDE',6,2,1,'No Mostrar',1,12000,65000,1,1,1,'','2022-11-15 06:56:01','2022-11-15 06:56:01'),
(315,'0180TDR2','SORENTO 2014 update','D/D  VERDE update',6,2,2,NULL,1,12000,65000,0,1,0,'','2022-11-15 06:56:42','2023-01-10 19:33:49'),
(317,'5829TDR2','NEW SPORTAGE 2011-2015','D/D VERDE',6,2,1,'No Mostrar',1,12000,65000,2,2,1,'','2022-11-15 07:00:24','2022-11-15 07:00:24'),
(318,'A0410TDR2','SOUL HB  2014','D/D  VERDE',6,2,1,'No Mostrar',1,12000,65000,1,1,1,'','2022-11-15 07:01:31','2022-11-15 07:01:31'),
(319,'64720TDR2','KIA CERATO  SEDAN 2013  EN ADELANTE','D/D VERDE',6,2,1,'No Mostrar',1,12000,65000,1,1,1,'','2022-11-15 07:02:39','2022-11-15 07:02:39'),
(320,'64720TDR2','KIA CERATO  SEDAN 2013  EN ADELANTE','D/D VERDE',6,2,1,'No Mostrar',1,12000,65000,1,1,1,'','2022-11-15 07:05:09','2022-11-15 07:05:09'),
(321,'FD22825TDR2','KIA RIO JB SEDAN 2006- 2011','D/D  VERDE',6,2,1,'No Mostrar',1,12000,65000,1,1,1,'','2022-11-15 07:06:49','2022-11-15 07:06:49'),
(322,'59660TDR1','KIA RIO  4 Y 5 HB  2011 EN ADELANTE','D/I  VERDE',6,2,1,'No Mostrar',1,12000,65000,4,4,1,'','2022-11-15 07:08:54','2022-11-15 07:08:54'),
(323,'FD22826TDR1','KIA RIO JB SEDAN 2006- 2011','D/I  VERDE',6,2,1,'No Mostrar',1,12000,65000,0,2,1,'','2022-11-15 07:09:57','2022-11-15 07:09:57'),
(324,'58970TDR3','KIA MORNING 2011','T/Y  VERDE',6,2,1,'No Mostrar',1,12000,65000,2,2,1,'','2022-11-15 07:10:45','2022-11-15 07:10:45'),
(325,'F1960TDR1','KIA RIO 5 2017','D/I  VERDE',6,2,1,'No Mostrar',1,12000,65000,2,2,1,'','2022-11-15 07:11:37','2022-11-15 07:11:37'),
(326,'6427TDR1','CERATO  2009 EN ADELANTE','D/I VERDE',6,2,1,'No Mostrar',1,65000,65000,1,1,1,'','2022-11-15 07:12:32','2022-11-15 07:12:32'),
(327,'53980TDR3','KIA RIO JB SEDAN 2006','T/I VERDE',6,2,1,'No Mostrar',1,12000,65000,2,2,1,'','2022-11-15 07:13:23','2022-11-15 07:13:23'),
(328,'12980TDR1','KIA BESTA ULTRA 98-2006','D/I  VERDE',6,2,1,'No Mostrar',1,12000,65000,1,1,1,'','2022-11-15 07:14:03','2022-11-15 07:14:03'),
(329,'63500TDR3','SPORTAGE 2004-2010','T/I  VERDE',6,2,1,'No Mostrar',1,12000,65000,1,1,1,'','2022-11-15 07:15:15','2022-11-15 07:15:15'),
(330,'24660TDR3','KIA RIO SEDAN 2000-2005','T/I  VERDE',6,2,1,'No Mostrar',1,12000,65000,1,1,1,'','2022-11-15 07:16:31','2022-11-15 07:16:31'),
(331,'24660TDR1','KIA RIO SEDAN 2000-2005','D/I  VERDE',6,2,1,'No Mostrar',1,12000,65000,1,1,1,'','2022-11-15 07:17:11','2022-11-15 07:17:11'),
(332,'58970TDR1','KIA MORNING 2011','D/I  VERDE',6,2,1,'No Mostrar',1,12000,65000,2,2,1,'','2022-11-15 07:17:55','2022-11-15 07:17:55'),
(333,'5966TDR3','KIA RIO 5   HB 2011 2017','T/I  VERDE',6,2,1,'No Mostrar',1,12000,65000,1,1,1,'','2022-11-15 07:18:57','2022-11-15 07:18:57'),
(334,'59660TDR3','KIA RIO 5 Y 4 SEDAN 2011- 2017','T/I  VERDE',6,2,1,'No Mostrar',1,12000,65000,1,1,1,'','2022-11-15 07:19:57','2022-11-15 07:19:57'),
(335,'51380TDR1','MORNING 2004 2010','D/I VERDE',6,2,1,'No Mostrar',1,12000,65000,1,1,1,'','2022-11-15 07:20:31','2022-11-15 07:20:31'),
(336,'63500TDR1','SPORTAGE 2004-2010','D/I VERDE',6,2,1,'No Mostrar',1,12000,65000,1,1,1,'','2022-11-15 07:21:04','2022-11-15 07:21:04'),
(337,'63500TDR3','SPORTAGE 2004-2010','T/I VERDE',6,2,1,'No Mostrar',1,12000,65000,1,1,1,'','2022-11-15 07:21:35','2022-11-15 07:21:35'),
(338,'211213294TDR2','TIIDA 200 EN ADELANTE4','D/D  VERDE',6,2,1,'No Mostrar',1,12000,65000,2,2,1,'','2022-11-15 07:22:34','2022-11-15 07:22:34'),
(339,'211117103TDR2','NAVARA 2005','D/D  VERDE',6,2,1,'No Mostrar',1,12000,65000,3,3,1,'','2022-11-15 07:24:04','2022-11-15 07:24:04'),
(340,'55210TDR2','NISSAN QASHQAI  2007 - 2013','D/D VERDE',6,2,1,'No Mostrar',1,12000,65000,1,1,1,'','2022-11-15 07:25:20','2022-11-15 07:25:20'),
(341,'8871TRD2','NISSAN QASHQAI  2014','D/D  VERDE',6,2,1,'No Mostrar',1,12000,65000,3,3,1,'','2022-11-15 07:26:16','2022-11-15 07:26:16'),
(342,'210927125TDR2','NISSAN D 21 85-97','D/D  VERDE',6,2,1,'No Mostrar',1,12000,65000,2,2,1,'','2022-11-15 07:27:30','2022-11-15 07:27:30'),
(343,'01420TDR2','NISSAN SUNNY 90-94','D/D  VERDE',6,2,1,'No Mostrar',1,12000,65000,0,1,1,'','2022-11-15 07:28:51','2022-11-15 07:28:51'),
(344,'5575TDR2','X-TRAIL2007-2013','D/D  VERDE',6,2,1,'No Mostrar',1,12000,65000,1,1,1,'','2022-11-15 07:29:49','2022-11-15 07:29:49'),
(345,'20690TDR2','D 22','D/D  PRIVACE',6,2,1,'No Mostrar',1,12000,65000,5,5,1,'','2022-11-15 07:32:45','2022-11-15 07:32:45'),
(346,'26640TDR4','SAMSUNG SM3','T/D',6,2,1,'No Mostrar',1,12000,65000,4,4,1,'','2022-11-15 07:34:06','2022-11-15 07:34:06'),
(347,'5258TDR4','TIIDA 2008','T/D  VERDE',6,2,1,'No Mostrar',1,12000,65000,1,1,1,'','2022-11-15 07:34:46','2022-11-15 07:34:46'),
(348,'5521TDR4','NISSAN QASHQAI  2007 - 2013','T/D  VERDE',6,2,1,'No Mostrar',1,12000,65000,1,1,1,'','2022-11-15 07:35:28','2022-11-15 07:35:28'),
(349,'22458TDR2','NAVARA 2005','D/D  VERDE',6,2,1,'No Mostrar',1,12000,65000,1,1,1,'','2022-11-15 07:36:41','2022-11-15 07:36:41'),
(350,'01420TDR2','NISSAN V 16 SEDAN','D/D VERDE',6,2,1,'No Mostrar',1,12000,65000,0,1,1,'','2022-11-15 07:37:47','2022-11-15 07:37:47'),
(351,'52580TDR4','TIIDA 2009 2012','T/D VERDE',6,2,1,'No Mostrar',1,12000,65000,2,2,1,'','2022-11-15 07:39:26','2022-11-15 07:39:26'),
(352,'28270TDR4','X-TRAIL2007-2013','T/D VERDE',6,2,1,'No Mostrar',1,12000,65000,1,1,1,'','2022-11-15 07:40:33','2022-11-15 07:40:33'),
(353,'A1080TDR4','NP 300  2015','T/D VERDE',6,2,1,'No Mostrar',1,12000,65000,2,2,1,'','2022-11-15 07:41:56','2022-11-15 07:41:56'),
(354,'A1080TDR4','NP300  2015','T/D  PRIVACE',6,2,1,'No Mostrar',1,12000,65000,1,1,1,'','2022-11-15 07:42:38','2022-11-15 07:42:38'),
(355,'8871TDR4','NISSAN QASHQAI  2014','T/D  VERDE',6,2,1,'No Mostrar',1,12000,65000,2,2,1,'','2022-11-15 07:51:13','2022-11-15 07:51:13'),
(356,'55210TDR4','NISSAN QASHQAI  2007 - 2013','T/D  VERDE',6,2,1,'No Mostrar',1,12000,65000,1,1,1,'','2022-11-15 07:52:15','2022-11-15 07:52:15'),
(357,'5183TDR1','MEGANE 2002-2008','D/I VERDE',6,2,1,'No Mostrar',1,12000,65000,2,2,1,'','2022-11-15 07:53:21','2022-11-15 07:53:21'),
(358,'2456TDR2','CLIO II  1998','D/D  VERDE',6,2,1,'No Mostrar',1,12000,65000,1,1,1,'','2022-11-15 07:55:25','2022-11-15 07:55:25'),
(359,'2456TDR4','CLIO II  1998','T/D  VERDE',6,2,1,'No Mostrar',1,12000,65000,1,1,1,'','2022-11-15 07:57:23','2022-11-15 07:57:23'),
(360,'0106075TDR2','MEGANE 2002-2008','D/D  VERDE',6,2,1,'No Mostrar',1,12000,65000,1,1,1,'','2022-11-15 07:58:31','2022-11-15 07:58:31'),
(361,'2494TDR3','CLIO II  1998','T/I  VERDE',6,2,1,'No Mostrar',1,12000,65000,1,1,1,'','2022-11-15 07:59:14','2022-11-15 07:59:14'),
(362,'30599TDR1','RENAULT 5 90-98','D/I  VERDE',6,2,1,'No Mostrar',1,12000,65000,3,3,1,'','2022-11-15 08:00:09','2022-11-15 08:00:09'),
(363,'33260TDR3','RENAULT 2009-11','T/I VERDE',6,2,1,'No Mostrar',1,12000,65000,1,1,1,'','2022-11-15 08:01:28','2022-11-15 08:01:28'),
(364,'2456TDR1','CLIO II  1998','D/I VERDE',6,2,1,'No Mostrar',1,12000,65000,1,1,1,'','2022-11-15 08:02:18','2022-11-15 08:02:18'),
(365,'26010TDR4','OPEL ASTRA SEDAN 1998- 2004','T/D  VERDE',6,2,1,'No Mostrar',1,12000,65000,4,4,1,'','2022-11-15 08:04:00','2022-11-17 06:14:37'),
(366,'06440TDR4','CORSA 4 PTAS Y 5 2002-08','T/D VERDE',6,2,1,'No Mostrar',1,12000,65000,3,3,1,'','2022-11-15 08:05:03','2022-11-15 08:05:03'),
(367,'0390TDR4','LUNETA COMBO I 93-02','T/D VERDE update',7,2,1,'No Mostrar',1,12000,65000,-1,5,1,'proJTYf9bgwaQ.png','2022-11-15 08:07:13','2022-12-18 19:21:27'),
(368,'50870TDR4','LUNETA COMBOII','T/D VERDE',7,2,1,'No Mostrar',1,12000,65000,1,1,1,'','2022-11-15 08:07:54','2022-11-15 08:07:54'),
(369,'10120TDR4','ASTRA 1991- 1999','T/D  VERDE',6,2,1,'No Mostrar',1,12000,65000,2,2,1,'','2022-11-15 08:08:34','2022-11-17 06:11:35'),
(370,'27650TDR4','CORSA EVOLUTION HB 2000-2006','T/D VERDE',6,2,1,'No Mostrar',1,12000,65000,1,1,1,'','2022-11-15 08:09:33','2022-11-15 08:12:12'),
(371,'039000TDR2','OP CORSA HB  3  PUERTAS  1993-2000','D/D  VERDE',6,2,1,'No Mostrar',1,12000,65000,3,3,1,'','2022-11-15 08:10:14','2022-11-15 08:16:01'),
(372,'210818266TDR2','CORSA SEDAN 90 2002','D/D  VERDE',6,2,1,'No Mostrar',1,12000,65000,2,2,1,'','2022-11-15 08:11:03','2022-11-15 08:11:03'),
(373,'27650TDR2','CORSA EVOLUTION HB 2000-2006','D/D  VERDE',6,2,1,'No Mostrar',1,12000,65000,3,3,1,'','2022-11-15 08:13:30','2022-11-15 08:13:30'),
(374,'50870TDR2','COMBO II  2001 2011','D/D VERDE',6,2,1,'No Mostrar',1,12000,65000,2,2,1,'','2022-11-15 08:14:30','2022-11-15 08:14:30'),
(375,'26210TDR2','VECTRA 1995','D/D  VERDE',6,2,1,'No Mostrar',1,12000,65000,2,2,1,'','2022-11-15 08:16:43','2022-11-15 08:16:43'),
(376,'59500TDR2','FORD RANGER/BT50 2017','D/D VERDE',6,2,1,'No Mostrar',1,12000,65000,4,4,1,'','2022-11-15 08:44:10','2022-11-18 06:31:26'),
(377,'59500TDR4','FORD RANGER/BT50 2017','T/D VERDE',6,2,1,'No Mostrar',1,12000,65000,5,5,1,'','2022-11-15 08:45:30','2022-11-18 06:30:10'),
(378,'59500TDR4','FORD RANGER/BT50 2017','T/D PRIVACE',6,2,1,'No Mostrar',1,12000,65000,2,2,1,'','2022-11-15 08:47:03','2022-11-15 08:47:03'),
(379,'11866TDR2','FORD FOCUS 2012','D/D VERDE',6,2,1,'No Mostrar',1,12000,65000,1,1,1,'','2022-11-15 08:47:58','2022-11-15 08:47:58'),
(380,'9286TDR2','FORD RANGER (ARGENTINA)','D/D VERDE',1,2,1,'No Mostrar',1,12000,65000,1,1,1,'','2022-11-15 08:50:12','2022-11-15 08:50:12'),
(381,'11866TDR5','FORD FOCUS 2012','T/I  PRIVACE',6,2,1,'No Mostrar',1,12000,65000,1,1,1,'','2022-11-15 08:51:41','2022-11-15 08:51:41'),
(382,'9287TDR1','FORD RANGER /ARGENTINA','D/I VERDE',6,2,1,'No Mostrar',1,12000,65000,1,1,1,'','2022-11-15 08:53:24','2022-11-15 08:53:24'),
(383,'11866TDR1','FORD FOCUS 2012','D/I  VERDE',6,2,1,'No Mostrar',1,12000,65000,1,1,1,'','2022-11-15 08:56:19','2022-11-15 08:56:19'),
(384,'180812214TDR1','VOLK GOL SEDAN 2008','D/I VERDE',6,2,1,'No Mostrar',1,12000,65000,1,1,1,'','2022-11-15 08:57:35','2022-11-15 08:57:35'),
(385,'14680TDR2','VITARA 3 PTAS  89/97','D/D  VERDE',6,2,1,'No Mostrar',1,12000,65000,1,1,1,'','2022-11-15 08:58:59','2022-11-15 08:58:59'),
(386,'210619042TDR2','VITARA 3 PTAS  97-2005','D/D  VERDE',6,2,1,'No Mostrar',1,12000,65000,2,2,1,'','2022-11-15 09:00:13','2022-11-15 09:00:13'),
(387,'19620TDR4','ALTO  .98-2004','T/D  VERDE',6,2,1,'No Mostrar',1,12000,65000,4,4,1,'','2022-11-15 09:01:37','2022-11-15 09:01:37'),
(388,'19380TDR4','GRAN NOMADE 97-2005','T/D VERDE',6,2,1,'No Mostrar',1,12000,65000,1,1,1,'','2022-11-15 09:04:22','2022-11-15 09:04:22'),
(389,'19380TDR4','GRAN NOMADE 2005-2014','T/D  VERDE',6,2,1,'No Mostrar',1,12000,65000,1,1,1,'','2022-11-15 09:06:34','2022-11-15 09:06:34'),
(390,'171031052','VITARA 2008 3 PTAS','LATERAL/DERECHO',5,2,1,'No Mostrar',1,12000,65000,1,1,1,'','2022-11-15 09:07:34','2022-11-15 09:07:34'),
(391,'84050TDR4','SUZUKI CELERIO 2009-2014','T/D VERDE',6,2,1,'No Mostrar',1,12000,65000,1,1,1,'','2022-11-15 09:08:38','2022-11-15 09:08:38'),
(392,'131107530TDR4','BALENO 97-2002','T/D VERDE',6,2,1,'No Mostrar',1,12000,65000,1,1,1,'','2022-11-15 09:09:46','2022-11-15 09:09:46'),
(393,'9322TDR2','VITARA 3 PTAS  89/97','LATERAL /DERECHO',5,2,1,'No Mostrar',1,12000,65000,1,1,1,'','2022-11-15 09:10:59','2022-11-15 09:10:59'),
(394,'120328165TDR2','CAMRY 86-99','D/D VERDE',6,2,1,'No Mostrar',1,12000,65000,1,1,1,'','2022-11-15 09:12:05','2022-11-15 09:12:05'),
(395,'220403329TDR2','SUZUKI SWIFT  HB  SEDAN 2004-2010','D/D VERDE',6,2,1,'No Mostrar',1,12000,65000,1,1,1,'','2022-11-15 09:13:17','2022-11-15 09:13:17'),
(396,'54340TDR2','SX4 HB 2006-2012','D/D VERDE',6,2,1,'No Mostrar',1,12000,65000,1,1,1,'','2022-11-16 00:36:15','2022-11-16 00:36:15'),
(397,'210910169TDR2','SUZUKI SWIFT  HB  SEDAN 2011','D/D  VERDE',6,2,1,'No Mostrar',1,12000,65000,2,2,1,'','2022-11-16 00:37:22','2022-11-16 00:45:18'),
(398,'53340TDR2','GRAN NOMADE 2005-2014','D/D  VERDE',6,2,1,'No Mostrar',1,12000,65000,1,1,1,'','2022-11-16 00:38:55','2022-11-16 00:38:55'),
(399,'53340TDR2','NEW ALTO 98-2004','D/D  VERDE',6,2,1,'No Mostrar',1,12000,65000,1,1,1,'','2022-11-16 00:39:50','2022-11-16 00:39:50'),
(400,'5334TDR1','GRAN VITARA 3 PTAS 2006','LATERAL/IZQUIERDO',5,2,1,'No Mostrar',1,12000,65000,1,1,1,'','2022-11-16 00:42:15','2022-11-16 00:42:15'),
(401,'1930TDR2','NEW BALENO 2016','D/D VERDE',6,2,1,'No Mostrar',1,12000,65000,1,2,1,'','2022-11-16 00:43:54','2022-11-16 00:43:54'),
(402,'53340TDR2','VITARA GRAN NOMADE 2005','D/D VERDE',6,2,1,'No Mostrar',1,12000,65000,1,1,1,'','2022-11-16 00:48:08','2022-11-16 00:48:08'),
(403,'05350','SUZUKI NEW ALTO 800 2012   HB','D/D VERDE',6,2,1,'No Mostrar',1,12000,65000,1,1,1,'','2022-11-16 01:04:29','2022-11-16 01:04:29'),
(404,'14540TDR2','BALENO 97-2002','D/D VERDE',6,2,1,'No Mostrar',1,12000,65000,1,1,1,'','2022-11-16 01:07:22','2022-11-16 01:07:22'),
(405,'1938TDR1','GRAN NOMADE 97-2005','LATERAL / IZQUIERDO',5,2,1,'No Mostrar',1,12000,65000,1,1,1,'','2022-11-16 01:08:35','2022-11-16 01:08:35'),
(406,'160325227TDR1','VITARA 3 PTAS  89/97','LATERAL/IZQUIERDO  CON PERFORACION',5,2,1,'No Mostrar',1,12000,65000,1,1,1,'','2022-11-16 01:10:09','2022-11-16 01:10:09'),
(407,'3923TDR1','VITARA 3 PTAS  89/97','LATERAL / IZQUIERDO SIN PERFORACION',5,2,1,'No Mostrar',1,12000,65000,1,1,1,'','2022-11-16 01:13:23','2022-11-16 01:13:23'),
(408,'11010TDR4','VITARA 3 PTAS  89/97','T/D VERDE',6,2,1,'No Mostrar',1,12000,65000,1,1,1,'','2022-11-16 01:14:14','2022-11-16 01:14:14'),
(409,'19380TDR5','GRAN VITARA 1998-2002','T/I VERDE',6,2,1,'No Mostrar',1,12000,65000,2,2,1,'','2022-11-17 02:07:45','2022-11-17 02:07:45'),
(410,'19620TDR1','SUZUKI ALTO 1998-2004','D/I  VERDE',6,2,1,'No Mostrar',1,12000,65000,2,2,1,'','2022-11-17 02:08:46','2022-11-17 02:08:46'),
(411,'210817136TDR1','GRAN NOMADE 2005-2014','D/I VERDE',6,2,1,'No Mostrar',1,12000,65000,2,2,1,'','2022-11-17 02:11:43','2022-11-17 02:11:43'),
(412,'200606247TDR1','SUZUKI SWIFT  HB  SEDAN 2011','T/I VERDE',6,2,1,'No Mostrar',1,12000,65000,2,2,1,'','2022-11-17 02:13:10','2022-11-17 02:15:05'),
(413,'53340TDR5','VITARA GRAN NOMADE 2005','T/I VERDE',6,2,1,'No Mostrar',1,12000,65000,1,1,1,'','2022-11-17 02:14:18','2022-11-17 02:14:18'),
(414,'14680DR1','VITARA 3 PTAS  89/97','D/I  VERDE',6,2,1,'No Mostrar',1,12000,65000,1,1,1,'','2022-11-17 02:16:05','2022-11-17 02:16:05'),
(415,'14540TDR5','SUZUKI BALENO SEDAN 1995-1999','T/I VERDE',6,2,1,'No Mostrar',1,12000,65000,1,1,1,'','2022-11-17 02:17:10','2022-11-17 02:17:10'),
(416,'19380TDR4','GRAN VITARA 1998-2002','T/D  VERDE',6,2,1,'No Mostrar',1,12000,65000,1,1,1,'','2022-11-17 02:18:09','2022-11-17 02:18:09'),
(417,'27650TDR4','OP CORSA HB 1993-2000','T/D  VERDE',6,2,1,'No Mostrar',1,12000,65000,3,3,1,'','2022-11-17 06:06:55','2022-11-17 06:06:55'),
(418,'06440TDR4','OP CORSA HB 1993-2000','T/D VERDE',6,2,1,'No Mostrar',1,12000,65000,4,4,1,'','2022-11-17 06:09:54','2022-11-17 06:13:37'),
(419,'211213274TDR1','CORSA SEDAN 90 2002','D/I VERDE',6,2,1,'No Mostrar',1,12000,65000,3,3,1,'','2022-11-17 06:17:17','2022-11-17 06:17:17'),
(420,'50870TDR5','LUNETA COMBOII  2001','L/I VERDE',7,2,1,'No Mostrar',1,12000,65000,4,4,1,'','2022-11-17 06:18:42','2022-11-17 06:18:42'),
(421,'27650TDR1','CORSA EVOLUTION HB 2000-2006','D/I  VERDE',6,2,1,'No Mostrar',1,12000,65000,1,1,1,'','2022-11-17 06:20:58','2022-11-17 06:20:58'),
(422,'1021135TDR5','VECTRA 1995','T/I  VERDE',6,2,1,'No Mostrar',1,12000,65000,1,1,1,'','2022-11-17 06:21:46','2022-11-17 06:21:46'),
(423,'30770TDR1','ASTRA G 1998','D/I VERDE',6,2,1,'No Mostrar',1,12000,65000,2,2,1,'','2022-11-17 06:23:37','2022-11-17 06:23:37'),
(424,'27650TDR5','CORSA EVOLUTION HB 2000-2006','T/I  VERDE',6,2,1,'No Mostrar',1,12000,65000,1,1,1,'','2022-11-17 06:25:05','2022-11-17 06:25:05'),
(425,'10120TDR5','ASTRA 1991- 1999','T/I VERDE',6,2,1,'No Mostrar',1,12000,65000,1,1,1,'','2022-11-17 06:30:57','2022-11-17 06:30:57'),
(426,'03900TDR1','OP CORSA HB  3  PUERTAS  1993-2000','L/I',5,2,1,'No Mostrar',1,12000,65000,2,2,1,'','2022-11-17 06:32:57','2022-11-17 06:35:34'),
(427,'03900TDR1','OP CORSA HB 1993-2000','D/I PRIVACE',6,2,1,'No Mostrar',1,12000,65000,1,1,1,'','2022-11-17 06:36:36','2022-11-17 06:36:36'),
(428,'06440TRD5','CORSA 4 PTAS Y 5 2000-08','T/I  VERDE',6,2,1,'No Mostrar',1,12000,65000,2,2,1,'','2022-11-17 06:37:54','2022-11-17 06:37:54'),
(429,'5447TDR2','GOL-SAVEIRO 1994-2005','D/D VERDE',6,2,1,'No Mostrar',1,12000,65000,1,1,1,'','2022-11-18 02:25:46','2022-11-18 02:25:46'),
(430,'4734TDR2','GOLF SEDAN  A3  1991-99','D/D VERDE',6,2,1,'No Mostrar',1,12000,65000,1,1,1,'','2022-11-18 03:19:58','2022-11-18 03:19:58'),
(431,'200406196TDR2','AMAROK 2010','D/D VERDE',6,2,1,'No Mostrar',1,12000,65000,2,2,1,'','2022-11-18 06:24:00','2022-11-18 06:24:00'),
(432,'58790TDR5','AMAROK 2010','T/I  PRIVACE',6,2,1,'No Mostrar',1,12000,65000,1,1,1,'','2022-11-18 06:25:15','2022-11-18 06:25:15'),
(434,'200406196TDR2','AMAROK 2010','D/D VERDE',6,2,1,'No Mostrar',1,12000,65000,2,2,1,'','2022-11-18 06:37:59','2022-11-18 06:37:59'),
(435,'59500TDR4','FORD BT 50 2011','T/D VERDE',6,2,1,'No Mostrar',1,12000,65000,5,5,1,'','2022-11-18 06:40:27','2022-11-18 06:50:17'),
(436,'59500TDR4','FORD BT 50 2011','T/D  PRIVACE',6,2,1,'No Mostrar',1,12000,65000,2,2,1,'','2022-11-18 06:42:59','2022-11-18 06:51:20'),
(438,'58790TDR4','AMAROK 2011','T/D VERDE',6,2,1,'No Mostrar',1,12000,65000,1,1,1,'','2022-11-18 07:00:52','2022-11-18 07:00:52'),
(439,'58790TDR5','AMAROK 2010','Ti VERDE',6,2,1,'No Mostrar',1,12000,65000,2,2,1,'','2022-11-18 07:03:10','2022-11-18 07:03:10'),
(443,'59500TDR2','FORD RANGER/BT50 2010','D/D VERDE',6,2,1,'No Mostrar',1,12000,65000,2,2,1,'','2022-11-18 07:22:10','2022-11-18 07:22:10'),
(444,'30740TDR4','RANGER TAILENDESA B2500-BT50-   2009','T/D',6,2,1,'No Mostrar',1,12000,12000,3,3,1,'','2022-11-18 07:25:11','2022-11-18 07:25:11'),
(445,'30740TDR2','RANGER TAILENDESA B2500-BT50-   2009','D/D  VERDE',6,2,1,'No Mostrar',1,12000,65000,1,1,1,'','2022-11-18 07:27:17','2022-11-18 07:27:17'),
(446,'05570TDR5','RANGER ARGENTINA 2006','T/I VERDE',6,2,1,'No Mostrar',1,12000,65000,1,1,1,'','2022-11-18 07:33:50','2022-11-18 07:33:50'),
(447,'29170TDR5','MAZDA 626 2002','T/I  VERDE',6,2,1,'No Mostrar',1,12000,65000,1,1,1,'','2022-11-18 07:35:08','2022-11-18 07:35:08'),
(448,'59500TDR5','FORD BT 50 2011','T/I  VERDE',6,2,1,'No Mostrar',1,12000,65000,3,3,1,'','2022-11-18 07:36:50','2022-11-18 07:36:50'),
(449,'59500TDR5','FORD RANGER/BT50 2010','T/I  PRIVACE',6,2,1,'No Mostrar',1,12000,65000,2,2,1,'','2022-11-18 07:37:50','2022-11-18 07:38:11'),
(451,'200613130TDR1','AMAROK 2011','D/I   VERDE',6,2,1,'No Mostrar',1,12000,65000,1,1,1,'','2022-11-18 07:41:05','2022-11-23 01:01:50'),
(452,'06330TDR5','MAZDA FAMILY 89-94','T/I VERDE',6,2,1,'No Mostrar',1,12000,65000,1,1,1,'','2022-11-18 07:41:59','2022-11-18 07:41:59'),
(453,'9287TDR1','RANGER 98-2002','D/I  VERDE',6,2,1,'No Mostrar',1,12000,65000,2,2,1,'','2022-11-18 07:47:10','2022-11-18 07:47:10'),
(454,'30740TDR1','RANGER TAILANDESA 98','D/I   VERDE',6,2,1,'No Mostrar',1,12000,65000,1,1,1,'','2022-11-18 07:48:07','2022-11-18 07:48:33'),
(455,'59500TDR1','NEW BT 50 2010','D/I  VERDE',6,2,1,'No Mostrar',1,12000,65000,1,1,1,'','2022-11-18 07:49:51','2022-11-18 07:49:51'),
(456,'30740TDR5','RANGER TAILANDESA 98','T/I  VERDE',6,2,1,'No Mostrar',1,12000,65000,1,1,1,'','2022-11-18 07:50:47','2022-11-18 07:50:47'),
(457,'5447TDR2','GOL-SAVEIRO 1994-2005','D/D  VERDE',6,2,1,'No Mostrar',1,12000,65000,1,1,1,'','2022-11-18 07:51:41','2022-11-18 07:51:41'),
(458,'2695TDR1','FORD FIESTA HB  1996','D/I   VERDE',6,2,1,'No Mostrar',1,12000,65000,1,1,1,'','2022-11-18 07:52:58','2022-11-18 07:52:58'),
(459,'57720TDR2','VOLK GOL SEDAN - SAVEIRO 2008','D/D  VERDE',6,2,1,'No Mostrar',1,12000,65000,1,1,1,'','2022-11-18 07:55:21','2022-11-18 07:55:21'),
(460,'4470TDR1','VOLK GOL SEDAN - SAVEIRO 2008','D/I  VERDE',6,2,1,'No Mostrar',1,12000,65000,1,1,1,'','2022-11-18 07:56:42','2022-11-18 07:56:42'),
(461,'783TDR1','HONDA INEGRA   1994-1998','D/I  VERDE',6,2,1,'No Mostrar',1,12000,65000,0,2,1,'','2022-11-18 07:57:44','2022-11-18 07:57:44'),
(462,'10076TDR5','RAM 1500-2500-3500   AÑO 2002','T/I  VERDE',6,2,1,'No Mostrar',1,12000,65000,1,1,1,'','2022-11-18 07:58:49','2022-11-18 07:58:49'),
(463,'O760','L 200 2015','VERDE',7,2,1,'No Mostrar',1,35000,140000,2,2,1,'','2022-11-23 00:51:22','2022-11-23 00:51:22'),
(464,'0760','L 200 2015','PRIVACE',7,2,1,'No Mostrar',1,35000,140000,1,2,1,'','2022-11-23 00:52:54','2022-11-23 00:52:54'),
(465,'54270','L 200  2006','VERDE',7,2,1,'No Mostrar',1,35000,140000,5,5,1,'','2022-11-23 00:55:49','2022-11-23 00:55:49'),
(466,'54270','L 200  2006','PRIVACE',7,2,1,'No Mostrar',1,35000,140000,1,1,1,'','2022-11-23 00:57:03','2022-11-23 00:57:03'),
(467,'58790','AMAROK 2010','VERDE',7,2,1,'No Mostrar',1,35000,140000,2,2,1,'','2022-11-23 01:01:14','2022-11-23 01:01:14'),
(468,'58790','AMAROK 2011','PRIVACE',7,2,1,'No Mostrar',1,35000,140000,3,3,1,'','2022-11-23 01:03:48','2022-11-23 01:03:48'),
(469,'02030','L 200 89-2005','VERDE   SIN DEFRONSTER',7,2,1,'No Mostrar',1,35000,140000,1,2,1,'','2022-11-23 01:05:21','2022-11-23 01:05:21'),
(470,'20690','D 22   2006','VERDE',7,2,1,'No Mostrar',1,35000,140000,2,2,1,'','2022-11-23 01:06:42','2022-11-23 01:06:42'),
(471,'0770','HILLUX 2015','VERDE',7,2,1,'No Mostrar',1,35000,140000,0,2,1,'','2022-11-23 01:07:33','2022-11-23 01:07:33'),
(472,'52420','HILLUX  2005','VERDE',7,2,1,'No Mostrar',1,35000,140000,5,5,1,'','2022-11-23 01:09:34','2022-11-23 01:09:34'),
(473,'LN106RW','HILLUX 1989-1995   DINAMITA','VERDE SIN  DEFROSTER',7,2,1,'No Mostrar',1,35000,140000,2,2,1,'','2022-11-23 01:10:47','2022-11-23 01:10:47'),
(474,'22478','NISSAN NAVARA  2006','VERDE',7,2,1,'No Mostrar',1,35000,145000,2,2,1,'','2022-11-23 01:11:44','2022-11-23 01:11:44'),
(475,'0770','HILLUX 2015','VERDE',7,2,1,'No Mostrar',1,35000,140000,2,2,1,'','2022-11-23 01:12:57','2022-11-23 01:12:57'),
(476,'0770','HILLUX 2015','PRIVACE',7,2,1,'No Mostrar',1,35000,140000,2,2,1,'','2022-11-23 01:13:31','2022-11-23 01:13:31'),
(477,'52430','D MAX 2004-2013','VERDE SIN DEFROSTER',7,2,1,'No Mostrar',1,35000,140000,3,3,1,'','2022-11-23 01:17:32','2022-11-23 01:17:32'),
(478,'52430','D MAX 2004-2013','VERDE CON DEFROSTER',7,2,1,'No Mostrar',1,35000,140000,2,2,1,'','2022-11-23 01:18:30','2022-11-23 01:18:30'),
(479,'07880','HILLUX 1998','VERDE SIN DEFROSTER',7,2,1,'No Mostrar',1,35000,140000,1,1,1,'','2022-11-23 01:20:47','2022-11-23 01:20:47'),
(480,'210812373','NP 300  2015','VERDE',7,2,1,'No Mostrar',1,35000,140000,1,1,1,'','2022-11-23 01:22:33','2022-11-23 01:22:33'),
(481,'210812373','NP 300  2015','PRIVACE',7,2,1,'No Mostrar',1,35000,140000,2,2,1,'','2022-11-23 01:24:07','2022-11-23 01:24:07'),
(482,'12451','COLORADO 2015','VERDE',7,2,1,'No Mostrar',1,35000,140000,1,1,1,'','2022-11-23 01:25:50','2022-11-23 01:25:50'),
(483,'1210','MAHINDRA 2010','VERDE',7,2,1,'No Mostrar',1,35000,140000,1,2,1,'','2022-11-23 01:33:10','2022-11-23 01:33:10'),
(484,'59360','D MAX 2014','VERDE',7,2,1,'No Mostrar',1,35000,140000,1,1,1,'','2022-11-23 01:33:54','2022-11-23 01:33:54'),
(485,'59360','MAHINDRA 2010','PRIVACE',7,2,1,'No Mostrar',1,35000,140000,1,1,1,'','2022-11-23 01:34:33','2022-11-23 01:34:33'),
(486,'210521100','ACTYON 2004-2008','VERDE',7,2,1,'No Mostrar',1,35000,140000,1,1,1,'','2022-11-23 01:35:20','2022-11-25 01:35:42'),
(487,'12275','SILVERADO GMC  2014','PRIVACE',7,2,1,'No Mostrar',1,35000,140000,1,1,1,'','2022-11-23 01:37:11','2022-11-23 01:37:11'),
(488,'21090210','H-1 97- 2007','VERDE',7,2,1,'No Mostrar',1,35000,140000,2,2,1,'','2022-11-23 01:40:06','2022-11-23 01:40:06'),
(489,'5598','NEW H-1 2007','VERDE SIN PERFORACION',7,2,1,'No Mostrar',1,35000,140000,1,1,1,'','2022-11-23 01:40:59','2022-11-23 01:40:59'),
(490,'5598','NEW H-1 2007','VERDE CON PERFORACION',7,2,1,'No Mostrar',1,35000,140000,2,2,1,'','2022-11-23 01:41:45','2022-11-23 01:41:45'),
(491,'F257','MAXUS T 60 2011','VERDE',7,2,1,'No Mostrar',1,35000,140000,1,1,1,'','2022-11-23 01:43:15','2022-11-23 01:43:15'),
(492,'191211009','NISSAN QASHQAI  2007 - 2013','VERDE',7,2,1,'No Mostrar',1,35000,140000,1,1,1,'','2022-11-23 01:45:32','2022-11-23 01:45:32'),
(493,'5772','VOLK VOYAGE','VERDE',7,2,1,'No Mostrar',1,35000,140000,1,1,1,'','2022-11-23 01:46:26','2022-11-23 01:46:26'),
(494,'33050','N 300  2008','VERDE',7,2,1,'No Mostrar',1,35000,140000,1,1,1,'','2022-11-23 01:47:26','2022-11-23 01:47:26'),
(495,'8831','PEUGEOT   308  2015','PRIVAGE',7,2,1,'No Mostrar',1,35000,140000,1,1,1,'','2022-11-23 01:48:26','2022-11-23 01:48:26'),
(496,'210813063','HYUNDAI GETZ 2002 -2009','VERDE',7,2,1,'No Mostrar',1,35000,140000,1,1,1,'','2022-11-23 01:49:35','2022-11-23 01:49:35'),
(497,'220118098','NEW YARIS SPORT   2006','VERDE',7,2,1,'No Mostrar',1,35000,140000,3,3,1,'','2022-11-23 01:50:39','2022-11-23 01:50:39'),
(498,'19260','SUZUKI NEW ALTO 800 2004-2014  EN GOMA','VERDE',7,2,1,'No Mostrar',1,35000,140000,2,2,1,'','2022-11-23 01:52:29','2022-11-23 01:52:29'),
(499,'05350','SUZUKI NEW ALTO 800 2004-2014 PEGADO','VERDE',7,2,1,'No Mostrar',1,35000,140000,2,2,1,'','2022-11-23 01:53:36','2022-11-23 01:53:36'),
(500,'28169','NISSAN VERSA 2020','VERDE CON DEFROSTER',7,2,1,'No Mostrar',1,35000,140000,1,1,1,'','2022-11-23 01:55:12','2022-11-23 01:55:12'),
(501,'A051','SUZUKI CELERIO 2015','VERDE',7,2,1,'No Mostrar',1,35000,140000,2,2,1,'','2022-11-23 01:57:50','2022-11-23 01:57:50'),
(502,'46790','MERCEDES BENZ CLASSIC 2013','VERDE',7,2,1,'No Mostrar',1,35000,140000,1,1,1,'','2022-11-23 01:59:34','2022-11-24 08:13:36'),
(503,'14730','SUZUKI SWIFT SEDAN1989-1995 3 PUERTAS','VERDE',7,2,1,'No Mostrar',1,35000,140000,1,1,1,'','2022-11-23 02:00:59','2022-11-23 02:00:59'),
(504,'1200','ALTO K 10   2014  PEGADO','VERDE',7,2,1,'No Mostrar',1,35000,140000,1,3,1,'','2022-11-23 02:03:31','2022-11-23 02:03:31'),
(505,'84050','SUZUKI CELERIO 2011','VERDE',7,2,1,'No Mostrar',1,35000,140000,2,2,1,'','2022-11-23 02:04:30','2022-11-23 02:04:30'),
(506,'1002','SUZUKI ALTO 1998-2004  EN GOMA','VERDE',7,2,1,'No Mostrar',1,35000,140000,0,1,1,'','2022-11-23 02:06:12','2022-11-23 02:06:12'),
(507,'28730','SUZUKI  SWIFT 3 PUERTAS  2000-2004','VERDE',7,2,1,'No Mostrar',1,35000,140000,1,1,1,'','2022-11-23 02:07:49','2022-11-23 02:07:49'),
(508,'10020','MARUTI ANTIGUO 1984-1988','VERDE SIN DEFROSTER',7,2,1,'No Mostrar',1,35000,140000,2,2,1,'','2022-11-23 02:09:39','2022-11-23 02:09:39'),
(509,'22865','SUZUKI VITARA  2005','VERDE CON PERFORACION',7,2,1,'No Mostrar',1,35000,140000,2,2,1,'','2022-11-23 02:10:56','2022-11-23 02:10:56'),
(510,'19380','VITARA  1999-2005','VERDE',7,2,1,'No Mostrar',1,35000,140000,1,1,1,'','2022-11-23 02:12:03','2022-11-23 02:12:03'),
(511,'3984','VITARA 3 PUERTAS  1989-1998','VERDE',7,2,1,'No Mostrar',1,35000,140000,1,1,1,'','2022-11-23 02:12:59','2022-11-23 02:12:59'),
(512,'|905','CARRY  4 PTAS 1993 RN GOMA','VERDE  SIN DEFROSTER',7,2,1,'No Mostrar',1,35000,140000,0,1,1,'','2022-11-23 02:15:33','2022-11-23 02:15:33'),
(513,'32720','CHEVROLET CORSA 4 PTAS 1993','VERDE',7,2,1,'No Mostrar',1,35000,140000,3,3,1,'','2022-11-23 02:16:40','2022-11-23 02:16:40'),
(514,'27410','CORSA HB 1993','VERDE',7,2,1,'No Mostrar',1,35000,140000,4,4,1,'','2022-11-23 02:17:41','2022-11-23 02:17:41'),
(515,'0390','CORSA SWING 3 PTAS','VERDE',7,2,1,'No Mostrar',1,35000,140000,-2,6,1,'','2022-11-23 02:18:33','2022-11-23 02:18:33'),
(516,'2621','OPEL  VECTRA 1995','VERDE',7,2,1,'No Mostrar',1,35000,140000,2,2,1,'','2022-11-23 02:22:17','2022-11-23 02:22:17'),
(517,'27650','CORSA EVOLUTION HB 2000-2006','VERDE',7,2,1,'No Mostrar',1,35000,140000,2,2,1,'','2022-11-23 02:22:58','2022-11-23 02:22:58'),
(519,'10120','OPEL ASTRA SEDAN    1991-1998','VERDE',7,2,1,'No Mostrar',1,35000,140000,1,1,1,'','2022-11-23 02:24:42','2022-11-23 02:24:42'),
(520,'2817','CHEVROLET AVEO 3P Y 5 P  2004-2009','VERDE',7,2,1,'No Mostrar',1,35000,140000,1,1,1,'','2022-11-23 02:26:12','2022-11-23 02:26:12'),
(521,'58370','CHEVROLET SPARK GT   2013','VERDE',7,2,1,'No Mostrar',1,35000,140000,1,1,1,'','2022-11-23 02:27:18','2022-11-23 02:27:18'),
(522,'6341','CRUZE HB  2008-2016','VERDE CON PERFORACION',7,2,1,'No Mostrar',1,35000,140000,1,1,1,'','2022-11-23 02:28:49','2022-11-23 02:28:49'),
(523,'57240','SPARK LT 2011','VERDE  CON PERFORACION ARRIBA',7,2,1,'No Mostrar',1,35000,140000,1,1,1,'','2022-11-23 02:34:56','2022-11-23 02:34:56'),
(524,'25774','KIA SORENTO 2011','PRIVACE',7,2,1,'No Mostrar',1,35000,140000,2,2,1,'','2022-11-23 02:35:58','2022-11-23 02:35:58'),
(525,'51380','MORNING 2004-2010','VERDE CON PERFORACION',7,2,1,'No Mostrar',1,35000,140000,2,2,1,'','2022-11-23 02:36:51','2022-11-23 02:36:51'),
(526,'58970','MORNING 2011-2016','VERDE CON PERFORACION',7,2,1,'No Mostrar',1,35000,140000,3,3,1,'','2022-11-23 02:38:16','2022-11-23 02:38:16'),
(527,'5398','KIA RIO 5 2006 2015 HB','VERDE CON PERFORACION',7,2,1,'No Mostrar',1,35000,140000,1,1,1,'','2022-11-23 02:39:24','2022-11-23 02:39:24'),
(528,'2466','RIO JB 5 SEDAN  2000','VERDE',7,2,1,'No Mostrar',1,35000,140000,1,1,1,'','2022-11-23 02:40:36','2022-11-23 02:40:36'),
(529,'5966','KIA RIO HB 5  2012-2016','VERDE  CON PERFORACION',7,2,1,'No Mostrar',1,35000,140000,1,1,1,'','2022-11-23 02:42:14','2022-11-23 02:42:14'),
(530,'1220','NEW SPORTAGE 2016','VERDE  CON PERFORACION',7,2,1,'No Mostrar',1,35000,140000,1,1,1,'','2022-11-23 02:43:38','2022-11-23 02:43:38'),
(531,'5398','KIA RIO 4 HB Y JB 2005-2011','VERDE',7,2,1,'No Mostrar',1,35000,140000,1,1,1,'','2022-11-23 02:46:46','2022-11-23 02:46:46'),
(532,'55130','KIA CARENS 2004','VERDE',7,2,1,'No Mostrar',1,35000,140000,1,1,1,'','2022-11-23 02:49:24','2022-11-23 02:49:24'),
(533,'08790','H-100 PORTER 1986-1995 EN GOMA','VERDE CON DEFROSTER',7,2,1,'No Mostrar',1,35000,140000,2,2,1,'','2022-11-23 02:51:25','2022-11-23 02:53:43'),
(534,'08790','H-100 PORTER 1986-1995 EN GOMA','VERDE  SIN DEFROSTER',7,2,1,'No Mostrar',1,35000,140000,2,2,1,'','2022-11-23 02:53:18','2022-11-23 02:53:18'),
(535,'220120043','NEW ACCENT 2006-2013','VERDE',7,2,1,'No Mostrar',1,35000,140000,2,2,1,'','2022-11-23 02:58:12','2022-11-23 02:58:12'),
(536,'25245','NEW ACCENT RB 2011','VERDE',7,2,1,'No Mostrar',1,35000,140000,3,3,1,'','2022-11-23 03:00:30','2022-11-23 03:00:30'),
(537,'53870','NEW YARIS 2006-2013','VERDE',7,2,1,'No Mostrar',1,35000,140000,5,5,1,'','2022-11-23 03:07:40','2022-11-23 03:07:40'),
(538,'32490','YARIS ECCO 1999-2005','VERDE',7,2,1,'No Mostrar',1,35000,140000,1,1,1,'','2022-11-23 03:22:00','2022-11-23 03:22:00'),
(539,'11760','COROLLA TDR2 2000-2008','VERDE',7,2,1,'No Mostrar',1,35000,140000,1,1,1,'','2022-11-23 03:23:13','2022-11-23 03:23:13'),
(540,'87960','Yaris 2014  SEDAN','VERDE',7,2,1,'No Mostrar',1,35000,140000,3,3,1,'','2022-11-23 03:25:11','2022-11-23 03:25:11'),
(541,'21155','TOYOTA RAV 4 2001-2005','VERDE',7,2,1,'No Mostrar',1,35000,140000,1,1,1,'','2022-11-23 03:33:47','2022-11-23 03:33:47'),
(542,'20920','YARIS SPORT 3 PUERTAS  1998-2005','VERDE',7,2,1,'No Mostrar',1,35000,140000,5,5,1,'','2022-11-23 03:35:35','2022-11-23 03:35:35'),
(543,'50500','OPTRA 2002-08','VERDE',7,2,1,'No Mostrar',1,35000,140000,3,3,1,'','2022-11-23 03:36:55','2022-11-23 03:36:55'),
(544,'1930','NEW BALENO HB 2015','PRIVACE CON PERFORACION',7,2,1,'No Mostrar',1,35000,140000,1,1,1,'','2022-11-23 03:38:02','2022-11-23 03:38:02'),
(545,'FW3507','KIA RIO HB 5  2012-2016','VERDE',7,2,1,'No Mostrar',1,35000,140000,0,1,1,'','2022-11-23 06:35:44','2022-11-23 06:35:44'),
(546,'53980','RIO JB SEDAN 2006 2015','VERDE',7,2,1,'No Mostrar',1,35000,140000,1,1,1,'','2022-11-23 06:38:17','2022-11-23 06:38:17'),
(547,'59660','RIO 4  2012-2016','VERDE',7,2,1,'No Mostrar',1,35000,140000,1,1,1,'','2022-11-23 06:41:49','2022-11-23 06:41:49'),
(548,'211121022','BALENO 97-2002','VERDE',7,2,1,'No Mostrar',1,35000,140000,1,1,1,'','2022-11-23 06:43:19','2022-11-23 06:43:19'),
(549,'64270','CERATO  2009 EN ADELANTE','VERDE',7,2,1,'No Mostrar',1,35000,140000,1,1,1,'','2022-11-23 06:44:37','2022-11-23 06:44:37'),
(550,'64110','CHEVROLET SAIL  2011 - 2015/ TIIDA 04-2012','VERDE',7,2,1,'No Mostrar',1,35000,140000,1,1,1,'','2022-11-23 06:45:32','2022-11-23 06:45:32'),
(551,'57340','MAZDA 3 SEDAN  2012','VERDE',7,2,1,'No Mostrar',1,35000,140000,1,1,1,'','2022-11-23 06:46:30','2022-11-23 06:46:30'),
(552,'11874','FOCUS SEDAN 2012','VERDE CON PERFORACION',7,2,1,'No Mostrar',1,35000,140000,1,1,1,'','2022-11-23 06:59:35','2022-11-23 06:59:35'),
(553,'5575','X TRAIL T 31 2007','PRIVICE',7,2,1,'No Mostrar',1,35000,140000,1,1,1,'','2022-11-23 07:00:35','2022-11-23 07:00:35'),
(554,'28270','X-TRAIL  T30   2007-2013','VERDE',7,2,1,'No Mostrar',1,35000,140000,1,1,1,'','2022-11-23 07:14:16','2022-11-23 07:14:16'),
(555,'837','DAIHATSU 850 VAN','BLANCO SIN DEFROSTER',7,2,1,'No Mostrar',1,35000,140000,-1,2,1,'','2022-11-23 07:21:27','2022-11-23 07:21:27'),
(556,'39888','DAIHATSU HIJET  1986-1987','BLANCO',7,2,1,'No Mostrar',1,35000,140000,1,1,1,'','2022-11-23 07:28:25','2022-11-23 07:28:25'),
(557,'01017563','KIA BESTA  94-97 EN GOMA','VERDE',7,2,1,'No Mostrar',1,35000,140000,1,1,1,'','2022-11-23 07:30:44','2022-11-23 07:31:43'),
(558,'52580','NISSAN TIIDA  2004-2012','VERDE',7,2,1,'No Mostrar',1,35000,140000,1,1,1,'','2022-11-23 07:47:13','2022-11-23 07:47:13'),
(559,'2613','VOL GOLF  1981-1999','VERDE',7,2,1,'No Mostrar',1,35000,140000,1,1,1,'','2022-11-23 07:50:54','2022-11-23 07:50:54'),
(560,'12980','KIA BESTA ULTRA 96','VERDE',7,2,1,'No Mostrar',1,35000,140000,4,4,1,'','2022-11-23 07:52:26','2022-11-23 07:52:26'),
(561,'8580','CHEROKEE GRAN 1993-1998','PRIVACE',7,2,1,'No Mostrar',1,35000,140000,1,1,1,'','2022-11-23 07:53:35','2022-11-23 07:53:35'),
(562,'24504','TOYOTA 4 RUNNER 2010','PRIVACE',7,2,1,'No Mostrar',1,35000,140000,1,1,1,'','2022-11-23 08:01:51','2022-11-23 08:01:51'),
(563,'190822020','NISSAN V-16 90-93','VERDE',7,2,1,'No Mostrar',1,35000,140000,1,1,1,'','2022-11-23 08:03:25','2022-11-23 08:03:25'),
(564,'8592','DODGE  MINIVAN 1984-1995','VERDE',7,2,1,'No Mostrar',1,35000,140000,1,1,1,'','2022-11-23 08:05:02','2022-11-23 08:05:02'),
(565,'2093','SM3 2000-2006','VERDE',7,2,1,'No Mostrar',1,35000,140000,1,1,1,'','2022-11-23 08:06:36','2022-11-23 08:06:36'),
(566,'1223034','SUBARU LEGACY 2000','VERDE CON PERFORACION',7,2,1,'No Mostrar',1,35000,140000,3,3,1,'','2022-11-23 08:10:20','2022-11-23 08:10:20'),
(567,'5384','FIAT LINEA 2000','VERDE',7,2,1,'No Mostrar',1,35000,140000,1,1,1,'','2022-11-23 08:11:05','2022-11-23 08:11:05'),
(568,'3927','HAIMA ESTAR VAN 2009','VERDE',7,2,1,'No Mostrar',1,35000,140000,1,1,1,'','2022-11-23 08:12:13','2022-11-23 08:12:13'),
(569,'210917087','HONDA FIT HB 2008','VERDE',7,2,1,'No Mostrar',1,35000,140000,1,1,1,'','2022-11-23 08:54:39','2022-11-23 08:54:39'),
(570,'22750','HAFEY PUIY VAN 2006','VERDE',7,2,1,'No Mostrar',1,35000,140000,1,1,1,'','2022-11-23 08:55:46','2022-11-23 08:55:46'),
(571,'26610','JUSTY  GT 84','VERDE',7,2,1,'No Mostrar',1,35000,140000,1,1,1,'','2022-11-23 08:56:30','2022-11-23 08:56:30'),
(572,'32320','CHARADE G 100  1987-88','VERDE',7,2,1,'No Mostrar',1,35000,140000,1,1,1,'','2022-11-23 08:57:12','2022-11-23 08:57:12'),
(573,'32403','FIAT 125','VERDE',7,2,1,'No Mostrar',1,35000,140000,1,1,1,'','2022-11-23 08:57:56','2022-11-23 08:57:56'),
(574,'02060','LANCER  92','VERDE',7,2,1,'No Mostrar',1,35000,140000,0,1,1,'','2022-11-23 09:11:45','2022-11-23 09:11:45'),
(575,'73070','HAVAL HOVER 2005 2010','PRIVACE  CON PERFORACION',7,2,1,'No Mostrar',1,35000,140000,1,1,1,'','2022-11-23 09:13:56','2022-11-23 09:13:56'),
(576,'2330','MONTERO 99-2005','PRIVACE  CON CORTE Y PERFORACION',7,2,1,'No Mostrar',1,35000,140000,1,1,1,'','2022-11-23 09:15:25','2022-11-23 09:15:25'),
(577,'23300','MONTERO UTILITY 99-2006','PRIVACE',7,2,1,'No Mostrar',1,35000,140000,1,1,1,'','2022-11-23 09:16:25','2022-11-23 09:16:25'),
(578,'151121145','CLIO II 3 PTAS 99-2008','VERDE',7,2,1,'No Mostrar',1,35000,140000,1,1,1,'','2022-11-23 09:17:14','2022-11-23 09:17:14'),
(579,'4330','NISSAN V 16 SEDAN','VERDE',7,2,1,'No Mostrar',1,35000,140000,1,1,1,'','2022-11-24 07:56:09','2022-11-24 07:56:09'),
(580,'23357','SUZUKI SX4  2006-2012','VERDE CON PERFORACION',7,2,1,'No Mostrar',1,35000,140000,1,1,1,'','2022-11-24 08:12:15','2022-11-24 08:12:15'),
(581,'59660','RIOS HB 2011-2017','T/D  VERDE',6,2,1,'No Mostrar',1,12000,65000,3,3,1,'','2022-11-25 00:29:31','2022-11-25 00:29:31'),
(582,'59660','KIA RIO  4  2012 - 2016 SEDAN','VERDE',7,2,1,'No Mostrar',1,35000,140000,1,1,1,'','2022-11-25 00:33:16','2022-11-25 00:33:16'),
(583,'FB27645','KIA RIO 4 SEDAN 2017','VERDE CON DEFROSTER',7,2,1,'No Mostrar',1,35000,140000,2,2,1,'','2022-11-25 00:40:35','2022-11-25 00:40:35'),
(584,'F2570DR2','MAXUS T 60 PICKUP 2017','D/D  VERDE',6,2,1,'No Mostrar',1,12000,65000,2,2,1,'','2022-11-25 00:42:56','2022-11-25 00:45:01'),
(585,'F2570TDR1','MAXUS T 60 PICKUP 2017','D/I  VERDE',6,2,1,'No Mostrar',1,12000,65000,2,2,1,'','2022-11-25 00:44:05','2022-11-25 00:44:05'),
(586,'F2570TDR4','MAXUS T 60 PICKUP 2017','T/D VERDE',6,2,1,'No Mostrar',1,12000,65000,1,2,1,'','2022-11-25 00:46:22','2022-11-25 00:46:22'),
(587,'F2570TDR3','MAXUS T 60 PICKUP 2017','T/I  VERDE',6,2,1,'No Mostrar',1,12000,65000,1,2,1,'','2022-11-25 00:47:13','2022-11-25 00:47:13'),
(588,'58790TDR1','VOLKSWAGEN AMAROK 4D  2010','D/I  VERDE',6,2,1,'No Mostrar',1,12000,65000,1,2,1,'','2022-11-25 00:48:34','2022-11-25 00:48:34'),
(589,'0770','HILLUX 2015','PRIVACE',7,2,1,'No Mostrar',1,35000,140000,0,2,1,'','2022-11-25 01:01:08','2022-11-25 01:01:08'),
(590,'8984334343434','test roger producto','test prods',5,5,1,'Incluido',1,10000,130000,20,5,1,'','2022-12-18 17:52:22','2022-12-18 17:52:22'),
(591,'89843343434345','test roger producto nwe','resyf',7,6,1,'Incluido',1,13,36,10,2,0,'','2022-12-18 18:04:22','2022-12-18 18:04:22'),
(592,'8678','test roger producto tsr','sfdfds',1,2,1,'No Mostrar',1,23,56,45,23,1,'','2022-12-18 18:11:07','2022-12-18 18:11:07'),
(593,'86784','test roger producto','fsf',1,2,1,'No Mostrar',1,32,656,34,2,1,'','2022-12-18 18:16:57','2022-12-18 18:16:57'),
(594,'8678432','test roger producto tes','fdfdf',1,2,1,'No Mostrar',1,32,67767,15,2,1,'proa63e7rCLCL.png','2022-12-18 18:20:08','2022-12-18 18:20:08'),
(595,'67668','test roger producto today','tes new',5,5,3,NULL,1,87,876,87,5,1,'','2022-12-18 23:36:00','2022-12-18 23:36:00'),
(596,'2148','CABLE DE PODER MACHO','CABLE COLOR NEGRO 3 METROS',9,2,1,NULL,1,10000,13000,10,2,1,'','2022-12-29 21:51:42','2022-12-29 21:51:42');

/*Table structure for table `proveedores` */

DROP TABLE IF EXISTS `proveedores`;

CREATE TABLE `proveedores` (
  `id` int NOT NULL AUTO_INCREMENT,
  `nombre_empresa` varchar(200) CHARACTER SET utf8mb4  NOT NULL,
  `rut` varchar(9) CHARACTER SET utf8mb4  DEFAULT NULL,
  `telefono` varchar(20) CHARACTER SET utf8mb4  DEFAULT NULL,
  `vendedor` varchar(255) CHARACTER SET utf8mb4  DEFAULT NULL,
  `correo` varchar(200) CHARACTER SET utf8mb4  DEFAULT NULL,
  `direccion` text CHARACTER SET utf8mb4 ,
  `nombre_banco` varchar(255) CHARACTER SET utf8mb4  DEFAULT NULL,
  `tipo_cuenta` varchar(50) CHARACTER SET utf8mb4  DEFAULT NULL,
  `numero_cuenta` int DEFAULT NULL,
  `estado` tinyint(1) NOT NULL,
  `created_at` timestamp NULL DEFAULT NULL,
  `updated_at` timestamp NULL DEFAULT NULL,
  PRIMARY KEY (`id`)
) ENGINE=InnoDB AUTO_INCREMENT=9 DEFAULT CHARSET=utf8mb4 ;

/*Data for the table `proveedores` */

insert  into `proveedores`(`id`,`nombre_empresa`,`rut`,`telefono`,`vendedor`,`correo`,`direccion`,`nombre_banco`,`tipo_cuenta`,`numero_cuenta`,`estado`,`created_at`,`updated_at`) values 
(2,'FUYAO','760107247','945021751','AURI PARRA','APARRA@FUYAOGLASS.CL','AV SANTA ROSA 1729  SANTIAGO','BCI','CUENTA CORRIENTE',45642923,1,'2022-10-26 08:28:18','2022-10-26 08:28:18'),
(3,'DISTRIBUIDORA PRESTIGIO LTDA','760836745','935532149','YARILYS','AUTOSPRESTIGIO@GMAIL.COM','EXPOSICION  1032  SANTIAGO CENTRO','SANTANDER','CUENTA CORRIENTE',64190989,1,'2022-10-26 09:05:38','2022-10-26 09:05:38'),
(4,'COM ANGELINI SPA       (FAVITORR)','774289569','944723189','MAGALY PARADA','MPARADA@FAVITORR.CL','AV LO ESPEJO 02590 SAN BERNARDO   SANTIAGO','SANTANDER','PREPAGO',84013790,1,'2022-10-26 09:27:42','2022-12-17 17:09:29'),
(5,'DISTRIBUIDORA ARQUETIPO LIMITADA','780369906','712299274','RODRIGO','TALCA@ARQUETIPO.CL','31 SUR 249  TALCA','ESTADO','CUENTA CORRIENTE',1203177,1,'2022-10-26 11:10:03','2022-10-26 11:10:03'),
(6,'MENDEZ Y PADILLA ASES E INV LTDA','761635727','979330096','MIGUEL PADILLA','MIGUEL.PADILLA@VITROCAR.CL','AVDA ESPAÑA 647 SAN VICENTE TAGUA TAGUA','CHILE','CUENTA CORRIENTE',2050455906,1,'2022-10-26 11:14:44','2022-10-26 11:14:44'),
(7,'SERVIVENTAS SPA','761218786','981525082','RODRIGO BRAVO','RBRAVO@SERVICENTAS.CL','AV SAN PABLO 9507 PUDAHUEL   SANTIAGO','SANTANDER','CUENTA CORRIENTE',68041902,1,'2022-10-26 11:17:33','2022-10-26 11:17:33'),
(8,'rogercode','798798','5454545','roger','SICORRnxE@GMAIL.COM','LONGITUDINAL SUR KM 186 CURICO mx','banamex','RUT',787790977,1,'2022-12-17 16:24:44','2022-12-17 16:24:44');

/*Table structure for table `subcategorias` */

DROP TABLE IF EXISTS `subcategorias`;

CREATE TABLE `subcategorias` (
  `id` bigint unsigned NOT NULL AUTO_INCREMENT,
  `nombre` varchar(100) CHARACTER SET utf8mb4  NOT NULL,
  `estado` tinyint(1) NOT NULL,
  `created_at` timestamp NULL DEFAULT NULL,
  `updated_at` timestamp NULL DEFAULT NULL,
  PRIMARY KEY (`id`)
) ENGINE=InnoDB AUTO_INCREMENT=4 DEFAULT CHARSET=utf8mb4 ;

/*Data for the table `subcategorias` */

insert  into `subcategorias`(`id`,`nombre`,`estado`,`created_at`,`updated_at`) values 
(1,'Sin sub-categoria',1,'2022-12-18 22:11:39','2022-12-18 23:56:49'),
(2,'otra sub categoria',0,'2022-12-18 22:11:56','2022-12-18 22:15:30'),
(3,'caducado',1,'2022-12-18 22:17:17','2022-12-18 22:17:17');

/*Table structure for table `users` */

DROP TABLE IF EXISTS `users`;

CREATE TABLE `users` (
  `id` bigint unsigned NOT NULL AUTO_INCREMENT,
  `name` varchar(255) CHARACTER SET utf8mb4 COLLATE utf8mb4_unicode_ci NOT NULL,
  `email` varchar(255) CHARACTER SET utf8mb4 COLLATE utf8mb4_unicode_ci NOT NULL,
  `email_verified_at` timestamp NULL DEFAULT NULL,
  `password` varchar(255) CHARACTER SET utf8mb4 COLLATE utf8mb4_unicode_ci NOT NULL,
  `remember_token` varchar(100) CHARACTER SET utf8mb4 COLLATE utf8mb4_unicode_ci DEFAULT NULL,
  `created_at` timestamp NULL DEFAULT NULL,
  `updated_at` timestamp NULL DEFAULT NULL,
  PRIMARY KEY (`id`),
  UNIQUE KEY `users_email_unique` (`email`)
) ENGINE=InnoDB AUTO_INCREMENT=2 DEFAULT CHARSET=utf8mb4 ;

/*Data for the table `users` */

insert  into `users`(`id`,`name`,`email`,`email_verified_at`,`password`,`remember_token`,`created_at`,`updated_at`) values 
(1,'Admin','admin@gmail.com',NULL,'$2y$10$uENem94RwZvt0f6U2VUiVO6VwFCCuHmffkLToq/cQJA/W2tf3DS1y',NULL,'2022-09-29 21:40:48','2022-09-29 21:40:48');

/*Table structure for table `ventas` */

DROP TABLE IF EXISTS `ventas`;

CREATE TABLE `ventas` (
  `id` bigint unsigned NOT NULL AUTO_INCREMENT,
  `user_id` bigint unsigned NOT NULL,
  `cliente_id` bigint unsigned NOT NULL,
  `tipo_comprobante` varchar(100) CHARACTER SET utf8mb4 COLLATE utf8mb4_unicode_ci DEFAULT NULL,
  `num_comprobante` varchar(50) CHARACTER SET utf8mb4 COLLATE utf8mb4_unicode_ci NOT NULL,
  `numero_venta_manual` varchar(255) CHARACTER SET utf8mb4 COLLATE utf8mb4_unicode_ci DEFAULT NULL,
  `tipo_pago` varchar(200) CHARACTER SET utf8mb4 COLLATE utf8mb4_unicode_ci NOT NULL,
  `efectivo` decimal(11,2) DEFAULT NULL,
  `transferencia` decimal(11,2) DEFAULT NULL,
  `tdebito` decimal(11,2) DEFAULT NULL,
  `tcredito` decimal(11,2) DEFAULT NULL,
  `total_venta` decimal(11,2) NOT NULL,
  `status` tinyint(1) NOT NULL,
  `created_at` timestamp NULL DEFAULT NULL,
  `updated_at` timestamp NULL DEFAULT NULL,
  PRIMARY KEY (`id`),
  KEY `ventas_ibfk_1` (`user_id`),
  KEY `ventas_ibfk_2` (`cliente_id`),
  CONSTRAINT `ventas_ibfk_1` FOREIGN KEY (`user_id`) REFERENCES `users` (`id`) ON DELETE CASCADE,
  CONSTRAINT `ventas_ibfk_2` FOREIGN KEY (`cliente_id`) REFERENCES `clientes` (`id`) ON DELETE CASCADE
) ENGINE=InnoDB AUTO_INCREMENT=138 DEFAULT CHARSET=utf8mb4 ;

/*Data for the table `ventas` */

insert  into `ventas`(`id`,`user_id`,`cliente_id`,`tipo_comprobante`,`num_comprobante`,`numero_venta_manual`,`tipo_pago`,`efectivo`,`transferencia`,`tdebito`,`tcredito`,`total_venta`,`status`,`created_at`,`updated_at`) values 
(1,1,8,'Ticket Uno','COMP1',NULL,'T.DEBITO',NULL,NULL,NULL,NULL,0.00,1,'2022-11-30 01:06:07','2022-11-30 01:06:07'),
(2,1,13,'Ticket Uno','COMP2',NULL,'EFECTIVO',NULL,NULL,NULL,NULL,0.00,1,'2022-11-30 01:08:06','2022-11-30 01:08:06'),
(3,1,16,'Ticket Uno','COMP3',NULL,'EFECTIVO',NULL,NULL,NULL,NULL,0.00,1,'2022-11-30 01:10:51','2022-11-30 01:10:51'),
(4,1,13,'Ticket Uno','COMP4',NULL,'T.CREDITO',NULL,NULL,NULL,NULL,130000.00,1,'2022-11-30 01:12:06','2022-11-30 01:12:06'),
(5,1,8,'Ticket Uno','COMP5',NULL,'T.CREDITO',NULL,NULL,NULL,NULL,130000.00,1,'2022-11-30 01:13:25','2022-11-30 01:13:25'),
(6,1,8,'Ticket Uno','COMP6',NULL,'T.CREDITO',NULL,NULL,NULL,NULL,130000.00,1,'2022-11-30 01:18:17','2022-11-30 01:18:17'),
(7,1,8,'Ticket Uno','COMP7',NULL,'T.CREDITO',NULL,NULL,NULL,NULL,130000.00,1,'2022-11-30 01:18:52','2022-11-30 01:18:52'),
(8,1,8,'Ticket Uno','COMP8',NULL,'T.CREDITO',NULL,NULL,NULL,NULL,130000.00,1,'2022-11-30 01:20:32','2022-11-30 01:20:32'),
(9,1,8,'Ticket Uno','COMP9',NULL,'T.CREDITO',NULL,NULL,NULL,NULL,130000.00,1,'2022-11-30 01:23:32','2022-11-30 01:23:32'),
(10,1,8,'Ticket Uno','COMP10',NULL,'T.CREDITO',NULL,NULL,NULL,NULL,130000.00,1,'2022-11-30 01:24:49','2022-11-30 01:24:49'),
(11,1,8,'Ticket Uno','COMP11',NULL,'T.CREDITO',NULL,NULL,NULL,NULL,130000.00,1,'2022-11-30 01:25:06','2022-11-30 01:25:06'),
(12,1,8,'Ticket Uno','COMP12',NULL,'T.CREDITO',NULL,NULL,NULL,NULL,130000.00,1,'2022-11-30 01:26:52','2022-11-30 01:26:52'),
(13,1,8,'Ticket Uno','COMP13',NULL,'T.CREDITO',NULL,NULL,NULL,NULL,130000.00,1,'2022-11-30 01:27:33','2022-11-30 01:27:33'),
(14,1,8,'Ticket Uno','COMP14',NULL,'T.CREDITO',NULL,NULL,NULL,NULL,130000.00,1,'2022-11-30 01:27:52','2022-11-30 01:27:52'),
(15,1,8,'Ticket Uno','COMP15',NULL,'T.CREDITO',NULL,NULL,NULL,NULL,130000.00,1,'2022-11-30 01:28:09','2022-11-30 01:28:09'),
(16,1,8,'Ticket Uno','COMP16',NULL,'T.CREDITO',NULL,NULL,NULL,NULL,130000.00,1,'2022-11-30 01:30:28','2022-11-30 01:30:28'),
(17,1,8,'Ticket Uno','COMP17',NULL,'T.CREDITO',NULL,NULL,NULL,NULL,130000.00,1,'2022-11-30 01:30:51','2022-11-30 01:30:51'),
(18,1,8,'Ticket Uno','COMP18',NULL,'T.CREDITO',NULL,NULL,NULL,NULL,130000.00,1,'2022-11-30 01:32:36','2022-11-30 01:32:36'),
(19,1,8,'Ticket Uno','COMP19',NULL,'T.CREDITO',NULL,NULL,NULL,NULL,130000.00,1,'2022-11-30 01:33:52','2022-11-30 01:33:52'),
(20,1,8,'Ticket Uno','COMP20',NULL,'T.CREDITO',NULL,NULL,NULL,NULL,130000.00,1,'2022-11-30 01:34:41','2022-11-30 01:34:41'),
(21,1,8,'Ticket Uno','COMP21',NULL,'T.CREDITO',NULL,NULL,NULL,NULL,130000.00,1,'2022-11-30 01:41:17','2022-11-30 01:41:17'),
(22,1,8,'Ticket Uno','COMP22',NULL,'T.CREDITO',NULL,NULL,NULL,NULL,130000.00,1,'2022-11-30 01:43:39','2022-11-30 01:43:39'),
(23,1,8,'Ticket Uno','COMP23',NULL,'T.CREDITO',NULL,NULL,NULL,NULL,130000.00,1,'2022-11-30 01:46:46','2022-11-30 01:46:46'),
(24,1,8,'Ticket Uno','COMP24',NULL,'T.CREDITO',NULL,NULL,NULL,NULL,130000.00,1,'2022-11-30 01:47:15','2022-11-30 01:47:15'),
(25,1,8,'Ticket Uno','COMP25',NULL,'T.CREDITO',NULL,NULL,NULL,NULL,130000.00,1,'2022-11-30 01:47:47','2022-11-30 01:47:47'),
(26,1,8,'Ticket Uno','COMP26',NULL,'T.CREDITO',NULL,NULL,NULL,NULL,130000.00,1,'2022-11-30 01:48:34','2022-11-30 01:48:34'),
(27,1,8,'Ticket Uno','COMP27',NULL,'T.CREDITO',NULL,NULL,NULL,NULL,130000.00,1,'2022-11-30 01:49:24','2022-11-30 01:49:24'),
(28,1,8,'Ticket Uno','COMP28',NULL,'T.CREDITO',NULL,NULL,NULL,NULL,130000.00,1,'2022-11-30 01:50:26','2022-11-30 01:50:26'),
(29,1,12,'Ticket Uno','COMP29',NULL,'EFECTIVO',NULL,NULL,NULL,NULL,195000.00,1,'2022-11-30 01:51:52','2022-11-30 01:51:52'),
(30,1,12,'Ticket Uno','COMP30',NULL,'EFECTIVO',NULL,NULL,NULL,NULL,195000.00,1,'2022-11-30 01:52:52','2022-11-30 01:52:52'),
(31,1,12,'Ticket Uno','COMP31',NULL,'EFECTIVO',NULL,NULL,NULL,NULL,195000.00,1,'2022-11-30 01:53:42','2022-11-30 01:53:42'),
(32,1,12,'Ticket Uno','COMP32',NULL,'ABONO',NULL,NULL,NULL,NULL,1105000.00,1,'2022-11-30 01:54:55','2022-11-30 01:54:55'),
(33,1,21,'Ticket Uno','COMP33',NULL,'T.CREDITO',NULL,NULL,NULL,NULL,195000.00,1,'2022-11-30 09:51:18','2022-11-30 09:51:18'),
(34,1,31,'Ticket Uno','COMP34',NULL,'EFECTIVO',NULL,NULL,NULL,NULL,130000.00,1,'2022-11-30 09:53:13','2022-11-30 09:53:13'),
(35,1,29,'Ticket Uno','COMP35',NULL,'EFECTIVO',NULL,NULL,NULL,NULL,195000.00,1,'2022-11-30 21:22:44','2022-11-30 21:22:44'),
(36,1,17,'Ticket Uno','COMP36',NULL,'T.DEBITO',NULL,NULL,NULL,NULL,455000.00,1,'2022-11-30 21:26:31','2022-11-30 21:26:31'),
(37,1,19,'Ticket Uno','COMP37',NULL,'TRANSFERENCIA',NULL,NULL,NULL,NULL,130000.00,1,'2022-11-30 21:57:04','2022-11-30 21:57:04'),
(38,1,19,'Ticket Uno','COMP38',NULL,'EFECTIVO',NULL,NULL,NULL,NULL,65000.00,1,'2022-12-01 00:09:58','2022-12-01 00:09:58'),
(39,1,35,'Ticket Uno','COMP39',NULL,'T.DEBITO',NULL,NULL,NULL,NULL,65000.00,1,'2022-12-01 00:21:12','2022-12-01 00:21:12'),
(40,1,18,'Ticket Uno','COMP40',NULL,'EFECTIVO',NULL,NULL,NULL,NULL,65000.00,1,'2022-12-01 00:23:54','2022-12-01 00:23:54'),
(41,1,18,'Ticket Uno','COMP41',NULL,'EFECTIVO',NULL,NULL,NULL,NULL,65000.00,1,'2022-12-01 00:27:29','2022-12-01 00:27:29'),
(42,1,14,'Ticket Uno','COMP42',NULL,'EFECTIVO',NULL,NULL,NULL,NULL,140000.00,1,'2022-12-01 15:06:02','2022-12-01 15:06:02'),
(43,1,16,'Ticket Uno','COMP43',NULL,'EFECTIVO',NULL,NULL,NULL,NULL,65000.00,1,'2022-12-01 15:09:03','2022-12-01 15:09:03'),
(44,1,25,'Ticket Uno','COMP44',NULL,'EFECTIVO',NULL,NULL,NULL,NULL,65000.00,1,'2022-12-01 15:14:50','2022-12-01 15:14:50'),
(45,1,9,'Ticket Uno','COMP45',NULL,'EFECTIVO',NULL,NULL,NULL,NULL,65000.00,1,'2022-12-01 15:24:55','2022-12-01 15:24:55'),
(46,1,15,'Ticket Uno','COMP46',NULL,'EFECTIVO',NULL,NULL,NULL,NULL,65000.00,1,'2022-12-01 15:27:58','2022-12-01 15:27:58'),
(47,1,17,'Ticket Uno','COMP47',NULL,'T.DEBITO',NULL,NULL,NULL,NULL,65000.00,1,'2022-12-01 15:29:50','2022-12-01 15:29:50'),
(48,1,16,'Ticket Uno','COMP48',NULL,'EFECTIVO',NULL,NULL,NULL,NULL,65000.00,1,'2022-12-01 15:31:20','2022-12-01 15:31:20'),
(49,1,12,'Ticket Uno','COMP49',NULL,'EFECTIVO',NULL,NULL,NULL,NULL,65000.00,1,'2022-12-01 15:33:14','2022-12-01 15:33:14'),
(50,1,12,'Ticket Uno','COMP50',NULL,'EFECTIVO',NULL,NULL,NULL,NULL,65000.00,1,'2022-12-01 15:41:12','2022-12-01 15:41:12'),
(51,1,8,'Ticket Uno','COMP51',NULL,'EFECTIVO',NULL,NULL,NULL,NULL,65000.00,1,'2022-12-01 15:45:47','2022-12-01 15:45:47'),
(52,1,9,'Ticket Uno','COMP52',NULL,'EFECTIVO',NULL,NULL,NULL,NULL,65000.00,1,'2022-12-01 15:49:31','2022-12-01 15:49:31'),
(53,1,9,'Ticket Uno','COMP53',NULL,'EFECTIVO',NULL,NULL,NULL,NULL,65000.00,1,'2022-12-01 15:53:47','2022-12-01 15:53:47'),
(54,1,10,'Ticket Uno','COMP54',NULL,'EFECTIVO',NULL,NULL,NULL,NULL,65000.00,1,'2022-12-01 15:54:52','2022-12-01 15:54:52'),
(55,1,32,'Ticket Uno','COMP55',NULL,'EFECTIVO',NULL,NULL,NULL,NULL,65000.00,1,'2022-12-01 15:59:24','2022-12-01 15:59:24'),
(56,1,20,'Ticket Uno','COMP56',NULL,'T.DEBITO',NULL,NULL,NULL,NULL,65000.00,1,'2022-12-01 16:37:03','2022-12-01 16:37:03'),
(57,1,26,'Ticket Uno','COMP57',NULL,'T.DEBITO',NULL,NULL,NULL,NULL,65000.00,1,'2022-12-01 16:39:54','2022-12-01 16:39:54'),
(58,1,18,'Ticket Uno','COMP58',NULL,'T.DEBITO',NULL,NULL,NULL,NULL,65000.00,1,'2022-12-01 16:44:37','2022-12-01 16:44:37'),
(59,1,32,'Ticket Uno','COMP59',NULL,'T.DEBITO',NULL,NULL,NULL,NULL,65000.00,1,'2022-12-01 16:46:03','2022-12-01 16:46:03'),
(60,1,19,'Ticket Uno','COMP60',NULL,'TRANSFERENCIA',NULL,NULL,NULL,NULL,65000.00,1,'2022-12-01 20:50:23','2022-12-01 20:50:23'),
(61,1,12,'Ticket Uno','COMP61',NULL,'EFECTIVO',NULL,NULL,NULL,NULL,65000.00,1,'2022-12-01 20:51:31','2022-12-01 20:51:31'),
(62,1,31,'Ticket Uno','COMP62',NULL,'T.CREDITO',NULL,NULL,NULL,NULL,195000.00,1,'2022-12-01 21:15:49','2022-12-01 21:15:49'),
(63,1,19,'Ticket Uno','COMP63',NULL,'T.DEBITO',NULL,NULL,NULL,NULL,65000.00,1,'2022-12-01 21:18:20','2022-12-01 21:18:20'),
(64,1,26,'Ticket Uno','COMP64',NULL,'EFECTIVO',NULL,NULL,NULL,NULL,130000.00,1,'2022-12-04 23:02:10','2022-12-04 23:02:10'),
(65,1,45,'Ticket Uno','COMP65',NULL,'EFECTIVO',NULL,NULL,NULL,NULL,260000.00,1,'2022-12-04 23:04:52','2022-12-04 23:04:52'),
(66,1,9,'Ticket Uno','COMP66',NULL,'T.CREDITO',NULL,NULL,NULL,NULL,130000.00,1,'2022-12-06 22:44:30','2022-12-06 22:44:30'),
(67,1,8,NULL,'COMP67',NULL,'EFECTIVO',NULL,NULL,NULL,NULL,0.00,1,'2022-12-22 22:18:53','2022-12-22 22:18:53'),
(68,1,9,NULL,'COMP68',NULL,'EFECTIVO',NULL,NULL,NULL,NULL,0.00,1,'2022-12-22 22:23:08','2022-12-22 22:23:08'),
(69,1,9,NULL,'COMP69',NULL,'EFECTIVO',NULL,NULL,NULL,NULL,140000.00,1,'2022-12-23 16:37:54','2022-12-23 16:37:54'),
(70,1,9,NULL,'COMP70',NULL,'EFECTIVO',NULL,NULL,NULL,NULL,345000.00,1,'2022-12-23 16:47:58','2022-12-23 16:47:58'),
(71,1,9,NULL,'COMP71',NULL,'T.DEBITO',NULL,NULL,NULL,NULL,195000.00,1,'2022-12-23 16:53:19','2022-12-23 16:53:19'),
(72,1,8,NULL,'COMP72',NULL,'EFECTIVO',NULL,NULL,NULL,NULL,130000.00,1,'2022-12-23 16:56:11','2022-12-23 16:56:11'),
(73,1,9,NULL,'COMP73',NULL,'T.DEBITO',NULL,NULL,NULL,NULL,280000.00,1,'2022-12-23 17:07:57','2022-12-23 17:07:57'),
(74,1,9,NULL,'COMP74',NULL,'T.CREDITO',NULL,NULL,NULL,NULL,345000.00,1,'2022-12-23 17:10:27','2022-12-23 17:10:27'),
(75,1,11,NULL,'COMP75',NULL,'TRANSFERENCIA',NULL,NULL,NULL,NULL,270000.00,1,'2022-12-23 17:12:00','2022-12-23 17:12:00'),
(76,1,9,NULL,'COMP76',NULL,'EFECTIVO',NULL,NULL,NULL,NULL,205000.00,1,'2022-12-25 16:58:27','2022-12-25 16:58:27'),
(77,1,9,NULL,'COMP77',NULL,'EFECTIVO',NULL,NULL,NULL,NULL,205000.00,1,'2022-12-25 17:00:23','2022-12-25 17:00:23'),
(78,1,9,NULL,'COMP78',NULL,'EFECTIVO',NULL,NULL,NULL,NULL,280000.00,1,'2022-12-25 17:22:18','2022-12-25 17:22:18'),
(79,1,9,NULL,'COMP79',NULL,'EFECTIVO',NULL,NULL,NULL,NULL,130000.00,1,'2022-12-25 17:57:04','2022-12-25 17:57:04'),
(80,1,10,NULL,'COMP80',NULL,'EFECTIVO',NULL,NULL,NULL,NULL,130000.00,1,'2022-12-25 18:04:53','2022-12-25 18:04:53'),
(81,1,10,NULL,'COMP81',NULL,'T.CREDITO',NULL,NULL,NULL,NULL,130000.00,1,'2022-12-25 18:06:22','2022-12-25 18:06:22'),
(82,1,10,NULL,'COMP82',NULL,'T.DEBITO',NULL,NULL,NULL,NULL,130000.00,1,'2022-12-25 18:25:20','2022-12-25 18:25:20'),
(83,1,8,NULL,'COMP83',NULL,'TRANSFERENCIA',NULL,NULL,NULL,NULL,130000.00,1,'2022-12-25 18:29:32','2022-12-25 18:29:32'),
(84,1,23,NULL,'COMP84',NULL,'EFECTIVO',NULL,NULL,NULL,NULL,65000.00,1,'2022-12-25 18:31:17','2022-12-25 18:31:17'),
(85,1,40,NULL,'COMP85',NULL,'T.CREDITO',NULL,NULL,NULL,NULL,65000.00,1,'2022-12-25 18:33:01','2022-12-25 18:33:01'),
(86,1,42,NULL,'COMP86',NULL,'T.DEBITO',NULL,NULL,NULL,NULL,130000.00,1,'2022-12-25 18:35:02','2022-12-25 18:35:02'),
(87,1,52,NULL,'COMP87',NULL,'T.CREDITO',NULL,NULL,NULL,NULL,280000.00,1,'2022-12-25 18:43:05','2022-12-25 18:43:05'),
(88,1,48,NULL,'COMP88',NULL,'T.DEBITO',NULL,NULL,NULL,NULL,65000.00,1,'2022-12-25 18:51:27','2022-12-25 18:51:27'),
(89,1,59,NULL,'COMP89',NULL,'T.DEBITO',NULL,NULL,NULL,NULL,65000.00,1,'2022-12-25 18:56:04','2022-12-25 18:56:04'),
(90,1,10,NULL,'COMP90',NULL,'T.CREDITO',NULL,NULL,NULL,NULL,65000.00,1,'2022-12-25 18:58:57','2022-12-25 18:58:57'),
(91,1,35,NULL,'COMP91',NULL,'T.CREDITO',NULL,NULL,NULL,NULL,65000.00,1,'2022-12-25 19:00:05','2022-12-25 19:00:05'),
(92,1,15,NULL,'COMP92',NULL,'EFECTIVO',NULL,NULL,NULL,NULL,65000.00,1,'2022-12-25 19:08:13','2022-12-25 19:08:13'),
(93,1,33,NULL,'COMP93',NULL,'EFECTIVO',NULL,NULL,NULL,NULL,65000.00,1,'2022-12-25 19:09:46','2022-12-25 19:09:46'),
(94,1,9,NULL,'COMP94',NULL,'T.DEBITO',NULL,NULL,NULL,NULL,130000.00,1,'2022-12-25 19:17:23','2022-12-25 19:17:23'),
(95,1,6,NULL,'COMP95',NULL,'EFECTIVO',NULL,NULL,NULL,NULL,65000.00,1,'2022-12-25 19:19:02','2022-12-25 19:19:02'),
(96,1,46,NULL,'COMP96',NULL,'TRANSFERENCIA',NULL,NULL,NULL,NULL,280000.00,1,'2022-12-25 19:20:04','2022-12-25 19:20:04'),
(97,1,15,NULL,'COMP97',NULL,'EFECTIVO',NULL,NULL,NULL,NULL,140000.00,1,'2022-12-25 19:22:02','2022-12-25 19:22:02'),
(98,1,9,NULL,'COMP98',NULL,'EFECTIVO',NULL,NULL,NULL,NULL,140000.00,1,'2022-12-25 19:27:05','2022-12-25 19:27:05'),
(99,1,8,NULL,'COMP99',NULL,'EFECTIVO',NULL,NULL,NULL,NULL,140000.00,1,'2022-12-25 19:28:10','2022-12-25 19:28:10'),
(100,1,8,NULL,'COMP100',NULL,'EFECTIVO',NULL,NULL,NULL,NULL,130000.00,1,'2022-12-25 19:39:55','2022-12-25 19:39:55'),
(101,1,9,NULL,'COMP101',NULL,'T.CREDITO',NULL,NULL,NULL,NULL,140000.00,1,'2022-12-25 19:40:30','2022-12-25 19:40:30'),
(102,1,8,NULL,'COMP102',NULL,'T.DEBITO',NULL,NULL,NULL,NULL,65000.00,1,'2022-12-25 19:43:30','2022-12-25 19:43:30'),
(103,1,10,NULL,'COMP103',NULL,'EFECTIVO',NULL,NULL,NULL,NULL,65000.00,1,'2022-12-25 19:47:08','2022-12-25 19:47:08'),
(104,1,21,NULL,'COMP104',NULL,'TRANSFERENCIA',NULL,NULL,NULL,NULL,65000.00,1,'2022-12-25 19:48:02','2022-12-25 19:48:02'),
(105,1,8,NULL,'COMP105',NULL,'T.DEBITO',NULL,NULL,NULL,NULL,65000.00,1,'2022-12-25 19:49:26','2022-12-25 19:49:26'),
(106,1,9,NULL,'COMP106',NULL,'EFECTIVO',NULL,NULL,NULL,NULL,65000.00,1,'2022-12-25 19:50:17','2022-12-25 19:50:17'),
(107,1,19,NULL,'COMP107',NULL,'T.CREDITO',NULL,NULL,NULL,NULL,65000.00,1,'2022-12-25 19:52:59','2022-12-25 19:52:59'),
(108,1,16,NULL,'COMP108',NULL,'T.CREDITO',NULL,NULL,NULL,NULL,205000.00,1,'2022-12-25 19:58:28','2022-12-25 19:58:28'),
(109,1,9,NULL,'COMP109',NULL,'T.DEBITO',NULL,NULL,NULL,NULL,130000.00,1,'2022-12-25 20:01:40','2022-12-25 20:01:40'),
(110,1,63,NULL,'COMP110',NULL,'T.DEBITO',NULL,NULL,NULL,NULL,65000.00,1,'2022-12-25 20:04:12','2022-12-25 20:04:12'),
(111,1,10,NULL,'COMP111',NULL,'T.DEBITO',NULL,NULL,NULL,NULL,65000.00,1,'2022-12-25 20:08:47','2022-12-25 20:08:47'),
(112,1,39,NULL,'COMP112',NULL,'T.DEBITO',NULL,NULL,NULL,NULL,65000.00,1,'2022-12-25 20:13:52','2022-12-25 20:13:52'),
(113,1,9,NULL,'COMP113',NULL,'T.DEBITO',NULL,NULL,NULL,NULL,65000.00,1,'2022-12-25 20:15:52','2022-12-25 20:15:52'),
(114,1,10,NULL,'COMP114',NULL,'T.DEBITO',NULL,NULL,NULL,NULL,65000.00,1,'2022-12-25 20:17:57','2022-12-25 20:17:57'),
(115,1,59,NULL,'COMP115',NULL,'TRANSFERENCIA',NULL,NULL,NULL,NULL,65000.00,1,'2022-12-25 20:19:58','2022-12-25 20:19:58'),
(116,1,14,NULL,'COMP116',NULL,'T.CREDITO',NULL,NULL,NULL,NULL,65000.00,1,'2022-12-25 20:20:44','2022-12-25 20:20:44'),
(117,1,10,NULL,'COMP117',NULL,'T.CREDITO',NULL,NULL,NULL,NULL,65000.00,1,'2022-12-25 20:21:49','2022-12-25 20:21:49'),
(118,1,9,NULL,'COMP118',NULL,'T.CREDITO',NULL,NULL,NULL,NULL,130000.00,1,'2022-12-25 20:25:49','2022-12-25 20:25:49'),
(119,1,30,NULL,'COMP119',NULL,'T.DEBITO',NULL,NULL,NULL,NULL,140000.00,1,'2022-12-25 20:26:49','2022-12-25 20:26:49'),
(120,1,39,NULL,'COMP120',NULL,'EFECTIVO',NULL,NULL,NULL,NULL,130000.00,1,'2022-12-25 20:39:14','2022-12-25 20:39:14'),
(121,1,9,NULL,'COMP121',NULL,'T.CREDITO',NULL,NULL,NULL,NULL,65000.00,1,'2022-12-25 20:39:50','2022-12-25 20:39:50'),
(122,1,10,NULL,'COMP122',NULL,'EFECTIVO',NULL,NULL,NULL,NULL,65000.00,1,'2022-12-25 20:41:05','2022-12-25 20:41:05'),
(123,1,9,NULL,'COMP123',NULL,'T.DEBITO',NULL,NULL,NULL,NULL,140000.00,1,'2022-12-25 20:43:33','2022-12-25 20:43:33'),
(124,1,9,NULL,'COMP124',NULL,'EFECTIVO',NULL,NULL,NULL,NULL,65000.00,1,'2022-12-25 20:44:39','2022-12-25 20:44:39'),
(125,1,10,NULL,'COMP125',NULL,'T.DEBITO',NULL,NULL,NULL,NULL,65000.00,1,'2022-12-25 20:45:29','2022-12-25 20:45:29'),
(126,1,9,NULL,'COMP126',NULL,'T.DEBITO',NULL,NULL,NULL,NULL,0.00,1,'2022-12-25 20:46:14','2022-12-25 20:46:14'),
(127,1,9,NULL,'COMP127',NULL,'T.DEBITO',NULL,NULL,NULL,NULL,0.00,1,'2022-12-25 20:51:33','2022-12-25 20:51:33'),
(128,1,10,NULL,'COMP128',NULL,'T.DEBITO',NULL,NULL,NULL,NULL,65000.00,1,'2022-12-25 21:06:26','2022-12-25 21:06:26'),
(129,1,26,NULL,'COMP129',NULL,'T.CREDITO',NULL,NULL,NULL,NULL,65000.00,1,'2022-12-25 21:08:36','2022-12-25 21:08:36'),
(130,1,9,NULL,'COMP130',NULL,'T.DEBITO',NULL,NULL,NULL,NULL,140000.00,1,'2022-12-25 21:10:42','2022-12-25 21:10:42'),
(131,1,6,NULL,'COMP131',NULL,'TRANSFERENCIA',NULL,NULL,NULL,NULL,30000.00,1,'2022-12-29 22:19:59','2022-12-29 22:19:59'),
(132,1,11,NULL,'COMP132',NULL,'EFECTIVO',NULL,NULL,NULL,NULL,10000.00,1,'2022-12-29 22:21:18','2022-12-29 22:21:18'),
(133,1,10,'BOLETA','COMP133','123456789','EFECTIVO',NULL,NULL,NULL,NULL,205000.00,1,'2023-01-11 23:01:46','2023-01-11 23:01:46'),
(134,1,64,'FACTURA','COMP134','45673','EFECTIVO',50000.00,0.00,0.00,80000.00,130000.00,1,'2023-01-22 16:08:58','2023-01-22 16:08:58'),
(135,1,58,'COMPROBANTE','COMP135','3456','TRANSFERENCIA',NULL,140000.00,0.00,0.00,140000.00,1,'2023-01-22 16:54:24','2023-01-22 16:54:24'),
(136,1,47,NULL,'COMP136',NULL,'T.DEBITO',0.00,0.00,205000.00,0.00,205000.00,1,'2023-01-22 17:09:35','2023-01-22 17:09:35'),
(137,1,33,'BOLETA','COMP137','43','EFECTIVO',20000.00,0.00,0.00,110000.00,130000.00,1,'2023-01-22 17:11:39','2023-01-22 17:11:39');

/* Trigger structure for table `ventas` */

DELIMITER $$

/*!50003 DROP TRIGGER*//*!50032 IF EXISTS */ /*!50003 `trigger_updatecashbox` */$$

/*!50003 CREATE */ /*!50017 DEFINER = 'root'@'localhost' */ /*!50003 TRIGGER `trigger_updatecashbox` AFTER INSERT ON `ventas` FOR EACH ROW BEGIN
	UPDATE corte_cajero_dia SET efectivo=efectivo+NEW.efectivo;
	/*WHERE corte_cajero_dia.idcortecaja=NEW.cortecaja_id;*/
    END */$$


DELIMITER ;

/*!40101 SET SQL_MODE=@OLD_SQL_MODE */;
/*!40014 SET FOREIGN_KEY_CHECKS=@OLD_FOREIGN_KEY_CHECKS */;
/*!40014 SET UNIQUE_CHECKS=@OLD_UNIQUE_CHECKS */;
/*!40111 SET SQL_NOTES=@OLD_SQL_NOTES */;
